timestamp,state,community,household_id,energy_kWh,source,weather,appliance_usage_level,avg_voltage,blackout_hours
2025-03-01,Lagos,Agbowa,H5264,7.99,Grid,Rainy,Medium,210.3,3.5
2025-03-20,Oyo,Igboora,H4998,9.08,Grid,Rainy,Medium,205.6,5.1
2025-01-05,Lagos,Epe,H6356,7.25,Grid,Sunny,Low,180.5,2.9
2025-01-15,Ogun,Ijebu,H6182,3.7,Solar,Sunny,Low,244.3,3.5
2025-03-27,Lagos,Agbowa,H7931,2.46,Grid,Sunny,Medium,192.0,4.8
2025-03-19,Lagos,Agbowa,H3610,10.08,Grid,Rainy,High,203.0,3.4
2025-01-29,Oyo,Ogbomoso,H4311,4.47,Solar,Sunny,Low,231.5,1.6
2025-02-26,Ogun,Ayetoro,H9763,3.85,Grid,Sunny,Medium,229.8,4.3
2025-03-20,Ogun,Ayetoro,H9530,5.25,Grid,Sunny,Low,185.4,2.6
2025-01-04,Ogun,Ijebu,H7733,4.76,Solar,Sunny,Low,221.5,3.2
2025-02-28,Ogun,Ayetoro,H6408,3.99,Grid,Rainy,Medium,235.6,5.9
2025-03-06,Oyo,Oyo Town,H3699,2.2,Solar,Sunny,Low,221.6,6.0
2025-03-15,Ogun,Ayetoro,H7320,5.25,Grid,Sunny,Low,231.3,6.7
2025-01-25,Ogun,Ifo,H7917,4.07,Generator,Sunny,Low,222.2,7.1
2025-02-24,Oyo,Igboora,H9154,4.07,Solar,Sunny,Medium,216.7,3.4
2025-03-23,Ogun,Sagamu,H4345,4.49,Grid,Sunny,High,244.6,3.0
2025-01-18,Ogun,Sagamu,H2183,3.61,Grid,Sunny,Low,233.3,4.7
2025-02-01,Oyo,Iseyin,H2934,4.74,Solar,Sunny,High,201.0,3.3
2025-03-20,Ogun,Ayetoro,H4893,10.61,Grid,Sunny,High,215.1,3.5
2025-03-12,Lagos,Agbowa,H9680,5.38,Grid,Sunny,Low,211.8,4.8
2025-03-28,Oyo,Igboora,H2526,7.33,Solar,Cloudy,Low,176.6,3.9
2025-01-02,Ogun,Ijebu,H2163,7.03,Grid,Sunny,Medium,211.2,4.6
2025-03-06,Oyo,Ogbomoso,H2570,4.42,Grid,Sunny,High,237.9,5.5
2025-01-26,Oyo,Igboora,H4536,8.32,Grid,Cloudy,Low,226.7,8.4
2025-02-03,Ogun,Sagamu,H7879,3.87,Grid,Cloudy,Low,217.0,3.0
2025-03-07,Oyo,Ogbomoso,H8868,2.86,Solar,Sunny,Medium,193.8,4.9
2025-02-20,Lagos,Agbowa,H6472,2.33,Solar,Sunny,High,199.3,3.4
2025-01-05,Ogun,Ijebu,H2063,3.8,Generator,Rainy,Low,219.5,6.6
2025-03-01,Oyo,Oyo Town,H7443,6.88,Solar,Sunny,Low,220.2,5.6
2025-02-02,Lagos,Epe,H1229,10.97,Grid,Sunny,Medium,220.0,4.7
2025-03-05,Ogun,Ayetoro,H4238,6.89,Solar,Sunny,Low,220.9,2.6
2025-03-25,Ogun,Sagamu,H1118,8.92,Grid,Sunny,Medium,191.2,5.3
2025-01-21,Oyo,Ogbomoso,H1571,5.98,Solar,Sunny,Low,234.3,4.8
2025-03-06,Lagos,Badagry,H6909,3.71,Solar,Cloudy,Low,197.2,2.4
2025-03-20,Lagos,Ikorodu,H3742,3.66,Generator,Sunny,High,215.3,6.9
2025-02-06,Ogun,Ijebu,H8352,5.83,Solar,Sunny,Low,193.6,5.0
2025-03-04,Lagos,Ikorodu,H4272,2.35,Generator,Rainy,High,224.5,3.9
2025-01-14,Lagos,Badagry,H8808,2.43,Generator,Rainy,Low,206.1,5.7
2025-03-14,Oyo,Ogbomoso,H2743,8.96,Grid,Cloudy,High,197.3,4.3
2025-02-25,Lagos,Badagry,H5439,4.61,Solar,Rainy,Low,222.2,5.1
2025-02-05,Lagos,Epe,H6162,3.26,Solar,Cloudy,Low,225.3,5.0
2025-01-27,Oyo,Oyo Town,H1191,3.01,Generator,Rainy,Medium,226.4,6.3
2025-01-26,Oyo,Igboora,H2430,3.53,Solar,Cloudy,High,199.5,3.5
2025-03-08,Oyo,Ogbomoso,H9264,4.76,Solar,Sunny,Medium,228.7,0.8
2025-03-29,Ogun,Ijebu,H6237,5.6,Grid,Sunny,High,216.3,1.8
2025-01-30,Ogun,Ijebu,H9456,2.01,Solar,Sunny,Medium,215.9,2.7
2025-02-18,Oyo,Igboora,H8027,7.36,Solar,Cloudy,Medium,174.5,4.4
2025-01-25,Oyo,Ogbomoso,H6391,1.97,Solar,Sunny,Medium,225.1,5.7
2025-02-11,Lagos,Agbowa,H4329,4.5,Grid,Sunny,Low,250.3,4.8
2025-03-19,Oyo,Oyo Town,H3130,5.93,Solar,Sunny,High,257.4,6.1
2025-02-05,Oyo,Oyo Town,H9169,9.58,Grid,Sunny,Low,223.9,5.5
2025-03-02,Lagos,Ikorodu,H2673,6.73,Grid,Sunny,Medium,209.9,1.5
2025-01-11,Oyo,Oyo Town,H5545,2.45,Grid,Cloudy,Medium,243.8,1.1
2025-03-12,Ogun,Sagamu,H6752,2.48,Solar,Rainy,Medium,219.0,2.8
2025-01-28,Ogun,Ijebu,H3322,7.75,Grid,Cloudy,High,246.7,1.5
2025-03-12,Lagos,Agbowa,H2242,5.86,Grid,Sunny,High,220.6,2.8
2025-03-01,Lagos,Agbowa,H8260,2.23,Grid,Sunny,High,203.2,5.7
2025-03-27,Ogun,Ayetoro,H6586,10.77,Grid,Cloudy,Medium,231.3,5.3
2025-03-06,Lagos,Badagry,H4512,10.07,Grid,Sunny,Medium,214.6,4.2
2025-03-28,Oyo,Ogbomoso,H7206,11.31,Grid,Cloudy,Low,210.6,6.2
2025-01-02,Ogun,Ayetoro,H7103,6.92,Solar,Cloudy,Low,241.1,4.0
2025-01-19,Oyo,Igboora,H1511,2.11,Grid,Rainy,Low,221.5,3.7
2025-02-04,Lagos,Agbowa,H6354,2.74,Generator,Cloudy,Medium,194.9,1.6
2025-03-04,Lagos,Agbowa,H4163,6.24,Solar,Cloudy,Medium,214.8,2.2
2025-02-14,Ogun,Ayetoro,H6590,10.88,Grid,Sunny,Medium,198.5,3.4
2025-02-19,Lagos,Agbowa,H6310,3.01,Grid,Cloudy,Medium,219.9,3.0
2025-03-08,Ogun,Sagamu,H2383,2.81,Grid,Cloudy,Medium,186.0,1.2
2025-02-23,Lagos,Agbowa,H7910,6.02,Solar,Rainy,High,200.6,3.6
2025-03-31,Ogun,Ayetoro,H4850,6.94,Solar,Cloudy,Medium,214.6,2.0
2025-01-18,Lagos,Agbowa,H1257,3.19,Grid,Sunny,Low,221.5,2.3
2025-03-18,Oyo,Iseyin,H8732,3.75,Solar,Cloudy,High,228.8,3.2
2025-02-17,Oyo,Ogbomoso,H9378,11.7,Grid,Rainy,Low,219.5,4.0
2025-03-07,Lagos,Agbowa,H8010,7.23,Grid,Cloudy,High,244.0,5.9
2025-03-24,Lagos,Epe,H9945,11.01,Grid,Cloudy,Medium,258.8,2.4
2025-02-09,Oyo,Ogbomoso,H1847,5.53,Grid,Sunny,Medium,199.8,4.3
2025-01-30,Lagos,Ikorodu,H9656,3.18,Generator,Rainy,Medium,234.0,2.8
2025-01-11,Ogun,Sagamu,H1773,6.44,Solar,Sunny,High,188.6,7.7
2025-02-25,Ogun,Ayetoro,H5558,0.63,Generator,Rainy,Low,238.6,3.1
2025-01-13,Oyo,Ogbomoso,H7627,2.4,Generator,Sunny,Medium,212.7,6.5
2025-01-11,Oyo,Iseyin,H6869,10.65,Grid,Sunny,Low,215.1,4.1
2025-02-02,Ogun,Ifo,H3935,2.98,Solar,Rainy,High,193.6,3.7
2025-01-09,Oyo,Ogbomoso,H9097,3.86,Generator,Cloudy,Low,184.3,6.6
2025-01-16,Oyo,Iseyin,H7113,9.72,Grid,Cloudy,Medium,238.6,4.1
2025-03-31,Lagos,Ikorodu,H7721,3.92,Solar,Cloudy,High,227.9,6.7
2025-02-21,Oyo,Igboora,H7649,1.59,Solar,Sunny,Low,236.2,0.5
2025-03-03,Lagos,Epe,H4431,5.48,Grid,Sunny,High,245.0,4.1
2025-02-08,Oyo,Igboora,H4216,11.5,Grid,Cloudy,High,180.9,3.9
2025-03-13,Ogun,Ayetoro,H8408,5.29,Grid,Rainy,Medium,188.9,5.3
2025-02-23,Oyo,Igboora,H4807,3.52,Grid,Sunny,Low,222.3,2.1
2025-01-04,Ogun,Ayetoro,H9102,6.74,Grid,Sunny,High,195.3,5.0
2025-01-19,Oyo,Ogbomoso,H3541,4.79,Grid,Sunny,Low,212.9,1.9
2025-02-27,Oyo,Iseyin,H3360,8.9,Grid,Sunny,Medium,201.0,4.4
2025-02-02,Lagos,Agbowa,H2490,1.88,Generator,Rainy,Low,227.3,5.5
2025-03-04,Ogun,Ifo,H6892,6.85,Grid,Sunny,Low,184.7,6.7
2025-03-15,Ogun,Sagamu,H1689,4.52,Grid,Cloudy,Low,226.5,4.6
2025-01-27,Oyo,Iseyin,H6686,4.18,Solar,Sunny,Low,182.9,4.4
2025-01-10,Lagos,Badagry,H3747,5.22,Grid,Sunny,Low,202.1,1.8
2025-02-22,Ogun,Sagamu,H8285,8.79,Grid,Rainy,Medium,214.8,7.0
2025-01-09,Ogun,Ayetoro,H2621,9.45,Grid,Sunny,Medium,194.3,3.6
2025-01-19,Oyo,Iseyin,H1589,7.71,Grid,Sunny,Medium,187.0,5.1
2025-02-10,Lagos,Epe,H2756,3.61,Grid,Sunny,Low,203.2,2.3
2025-03-18,Oyo,Oyo Town,H2004,7.25,Grid,Rainy,Low,220.4,3.9
2025-01-10,Lagos,Agbowa,H4123,10.66,Grid,Sunny,High,203.5,5.5
2025-01-11,Oyo,Ogbomoso,H7016,7.57,Grid,Cloudy,High,181.6,5.1
2025-01-31,Oyo,Iseyin,H7253,4.05,Solar,Sunny,Low,182.4,4.1
2025-02-22,Oyo,Ogbomoso,H9152,7.81,Grid,Cloudy,Low,213.7,1.6
2025-01-06,Ogun,Ifo,H2837,2.31,Solar,Sunny,Low,235.1,2.8
2025-02-16,Lagos,Ikorodu,H7345,7.96,Grid,Cloudy,Medium,165.6,2.4
2025-03-04,Ogun,Sagamu,H6959,11.65,Grid,Rainy,High,222.4,2.8
2025-03-06,Lagos,Badagry,H9109,4.21,Generator,Sunny,Low,238.4,4.5
2025-01-21,Lagos,Ikorodu,H8562,3.64,Grid,Cloudy,Low,222.9,3.2
2025-02-27,Oyo,Igboora,H1545,6.76,Solar,Sunny,Low,239.0,3.2
2025-02-05,Lagos,Epe,H2733,5.01,Grid,Sunny,Medium,215.4,7.4
2025-03-13,Lagos,Epe,H4098,7.44,Grid,Rainy,Low,219.7,5.5
2025-02-15,Lagos,Epe,H6238,5.35,Grid,Rainy,Medium,221.8,3.2
2025-03-27,Ogun,Ayetoro,H1216,6.23,Solar,Sunny,High,205.8,2.3
2025-03-07,Lagos,Agbowa,H6487,7.7,Grid,Cloudy,Low,224.6,4.7
2025-03-24,Ogun,Ayetoro,H8849,10.46,Grid,Cloudy,Low,209.6,2.0
2025-03-02,Ogun,Ijebu,H3385,5.83,Solar,Sunny,Low,232.4,6.7
2025-02-07,Lagos,Ikorodu,H8593,3.57,Solar,Sunny,Low,179.4,7.0
2025-03-01,Ogun,Sagamu,H9080,7.86,Grid,Rainy,Low,263.9,4.3
2025-02-26,Oyo,Oyo Town,H4908,7.65,Grid,Rainy,High,224.6,4.4
2025-02-18,Oyo,Igboora,H7429,5.14,Solar,Sunny,Medium,246.9,3.0
2025-01-05,Ogun,Ijebu,H6285,1.07,Generator,Rainy,Medium,216.1,6.2
2025-01-23,Ogun,Sagamu,H3646,3.51,Solar,Sunny,Low,194.8,0.7
2025-01-01,Oyo,Ogbomoso,H1784,3.58,Solar,Rainy,Low,208.3,7.3
2025-03-09,Oyo,Iseyin,H1416,3.76,Grid,Sunny,Low,161.1,3.9
2025-03-02,Lagos,Badagry,H8095,3.66,Generator,Sunny,Medium,209.6,1.8
2025-03-01,Lagos,Badagry,H4175,7.95,Grid,Rainy,Medium,215.3,4.0
2025-02-26,Ogun,Ifo,H3669,3.91,Grid,Rainy,Low,214.3,2.9
2025-03-25,Lagos,Badagry,H5057,4.22,Solar,Sunny,Medium,162.0,6.2
2025-01-07,Ogun,Ifo,H7308,3.82,Grid,Cloudy,Low,186.8,2.4
2025-01-14,Ogun,Ifo,H7948,2.44,Solar,Sunny,Low,233.7,6.5
2025-02-09,Lagos,Epe,H9034,8.72,Grid,Sunny,Low,204.5,5.0
2025-01-25,Lagos,Badagry,H7784,2.96,Solar,Sunny,Low,229.2,4.9
2025-01-31,Ogun,Ijebu,H7872,2.73,Solar,Sunny,Medium,226.9,3.4
2025-03-29,Lagos,Ikorodu,H4067,2.27,Grid,Sunny,Low,221.5,1.5
2025-01-28,Oyo,Oyo Town,H6608,5.42,Grid,Rainy,High,200.9,1.2
2025-01-19,Lagos,Ikorodu,H4752,3.96,Solar,Sunny,Medium,173.4,7.4
2025-02-22,Lagos,Agbowa,H1268,3.4,Grid,Rainy,Medium,214.2,6.2
2025-02-05,Lagos,Ikorodu,H6205,0.61,Generator,Cloudy,Medium,221.2,0.6
2025-03-13,Oyo,Oyo Town,H7917,6.51,Solar,Sunny,Low,215.4,4.7
2025-02-28,Lagos,Epe,H6745,11.14,Grid,Sunny,Low,218.9,2.0
2025-02-05,Oyo,Oyo Town,H6197,10.3,Grid,Cloudy,Medium,220.1,6.0
2025-02-03,Oyo,Igboora,H1718,6.99,Solar,Cloudy,Low,178.2,1.4
2025-01-21,Ogun,Sagamu,H3110,5.93,Solar,Sunny,Low,218.7,2.5
2025-03-12,Ogun,Ayetoro,H3386,5.56,Grid,Sunny,Low,195.5,6.1
2025-02-01,Lagos,Badagry,H6832,7.12,Solar,Sunny,Medium,197.8,5.4
2025-03-30,Lagos,Agbowa,H8803,2.51,Grid,Sunny,Medium,266.2,3.8
2025-01-01,Ogun,Sagamu,H9311,2.75,Grid,Cloudy,Low,214.3,7.5
2025-01-07,Oyo,Igboora,H1301,6.41,Solar,Sunny,Low,227.6,5.9
2025-02-18,Oyo,Ogbomoso,H3837,2.92,Grid,Cloudy,Low,213.5,5.2
2025-01-29,Oyo,Ogbomoso,H7398,9.32,Grid,Sunny,High,226.2,6.2
2025-01-13,Lagos,Epe,H5084,4.44,Solar,Cloudy,Low,223.6,4.4
2025-01-27,Ogun,Ifo,H9205,2.34,Grid,Cloudy,High,193.4,6.1
2025-01-14,Oyo,Ogbomoso,H8686,2.87,Generator,Rainy,High,215.6,4.1
2025-02-22,Ogun,Ayetoro,H5546,7.96,Grid,Cloudy,Low,206.3,3.4
2025-03-15,Ogun,Ayetoro,H1062,9.25,Grid,Cloudy,Low,211.3,3.1
2025-03-24,Ogun,Ifo,H8109,5.26,Solar,Cloudy,Low,220.3,5.8
2025-03-31,Lagos,Agbowa,H5637,2.21,Grid,Sunny,High,216.6,6.1
2025-01-05,Lagos,Badagry,H6218,2.25,Generator,Cloudy,High,204.7,6.8
2025-03-19,Lagos,Ikorodu,H6287,11.84,Grid,Cloudy,High,206.1,6.9
2025-03-04,Lagos,Epe,H6422,3.1,Grid,Cloudy,Low,188.1,2.2
2025-03-17,Lagos,Epe,H5623,2.18,Grid,Sunny,Low,214.3,4.5
2025-03-01,Oyo,Oyo Town,H7844,11.5,Grid,Cloudy,Low,234.7,3.6
2025-02-18,Lagos,Ikorodu,H5750,1.34,Generator,Sunny,Medium,218.3,5.0
2025-03-03,Ogun,Ifo,H7938,2.56,Solar,Sunny,Low,202.5,2.9
2025-01-20,Oyo,Iseyin,H5961,7.31,Solar,Sunny,Low,243.4,2.9
2025-01-05,Oyo,Iseyin,H2688,2.85,Solar,Sunny,High,219.1,1.0
2025-01-23,Lagos,Badagry,H7694,6.76,Solar,Cloudy,Low,202.7,3.2
2025-01-26,Ogun,Ijebu,H6676,4.55,Generator,Rainy,High,228.2,8.0
2025-03-01,Ogun,Sagamu,H5732,4.6,Grid,Sunny,Low,214.3,7.6
2025-02-16,Ogun,Sagamu,H3426,2.76,Grid,Sunny,Medium,214.7,6.4
2025-01-04,Oyo,Iseyin,H6026,5.48,Grid,Cloudy,High,228.6,7.7
2025-01-02,Lagos,Ikorodu,H6835,8.58,Grid,Rainy,Medium,231.4,5.0
2025-03-17,Lagos,Agbowa,H8780,6.02,Solar,Cloudy,Medium,211.7,4.3
2025-03-17,Oyo,Iseyin,H5947,10.18,Grid,Cloudy,Low,215.6,6.6
2025-02-04,Oyo,Iseyin,H3278,11.81,Grid,Sunny,Medium,187.8,5.5
2025-03-01,Oyo,Igboora,H1300,2.14,Solar,Sunny,Medium,220.0,7.2
2025-03-01,Lagos,Badagry,H4764,5.16,Generator,Sunny,Medium,206.1,4.4
2025-03-24,Lagos,Badagry,H9079,7.82,Grid,Cloudy,Low,238.9,1.0
2025-02-18,Lagos,Ikorodu,H9131,11.69,Grid,Rainy,High,203.8,4.8
2025-03-08,Ogun,Ifo,H2350,3.44,Solar,Sunny,Low,246.3,3.9
2025-03-20,Lagos,Ikorodu,H2842,7.48,Solar,Sunny,Low,186.0,0.0
2025-03-31,Lagos,Badagry,H3887,4.21,Grid,Cloudy,Medium,219.9,2.9
2025-03-27,Ogun,Ijebu,H1129,2.41,Solar,Sunny,High,228.0,3.8
2025-02-04,Oyo,Oyo Town,H4977,4.74,Grid,Cloudy,Low,214.1,4.5
2025-02-11,Lagos,Ikorodu,H4255,0.66,Generator,Sunny,Low,190.0,6.9
2025-03-01,Oyo,Iseyin,H7661,1.43,Generator,Sunny,High,221.9,4.9
2025-03-03,Oyo,Ogbomoso,H9909,5.26,Solar,Cloudy,Medium,218.9,5.4
2025-01-20,Ogun,Sagamu,H5109,2.25,Solar,Sunny,Low,201.5,7.6
2025-02-23,Ogun,Ayetoro,H9962,7.82,Grid,Sunny,Low,231.8,2.7
2025-02-19,Oyo,Oyo Town,H8615,2.72,Grid,Sunny,Low,206.0,0.0
2025-03-13,Oyo,Oyo Town,H2990,6.66,Solar,Sunny,Medium,195.7,3.9
2025-02-04,Lagos,Agbowa,H3800,6.99,Grid,Rainy,Low,245.1,5.8
2025-01-26,Ogun,Sagamu,H4951,4.61,Solar,Sunny,Low,210.1,2.6
2025-01-12,Oyo,Igboora,H1861,3.33,Grid,Sunny,Low,251.0,5.3
2025-03-25,Oyo,Iseyin,H8716,2.13,Solar,Sunny,Low,243.0,5.8
2025-03-03,Lagos,Badagry,H8018,7.41,Grid,Rainy,Low,229.0,4.8
2025-01-16,Oyo,Ogbomoso,H7609,6.39,Solar,Cloudy,Low,241.3,4.4
2025-02-04,Oyo,Oyo Town,H1818,9.32,Grid,Cloudy,Medium,202.0,3.0
2025-03-08,Oyo,Iseyin,H8692,2.18,Generator,Sunny,High,225.5,2.9
2025-02-28,Lagos,Ikorodu,H5544,5.82,Solar,Sunny,Medium,215.8,4.2
2025-01-25,Lagos,Epe,H7906,2.31,Grid,Cloudy,Low,209.9,0.7
2025-01-28,Oyo,Igboora,H3687,2.63,Generator,Cloudy,Medium,190.5,1.1
2025-03-17,Ogun,Ayetoro,H6974,3.39,Generator,Sunny,High,248.7,3.1
2025-02-26,Lagos,Agbowa,H9895,6.22,Grid,Rainy,High,228.0,0.8
2025-01-21,Oyo,Igboora,H8846,3.66,Generator,Sunny,Medium,202.5,4.8
2025-03-16,Oyo,Iseyin,H1933,2.93,Solar,Rainy,Low,214.5,6.3
2025-02-01,Oyo,Igboora,H1553,7.15,Grid,Rainy,Medium,238.0,0.5
2025-02-13,Oyo,Iseyin,H3752,4.58,Grid,Sunny,High,189.1,6.3
2025-01-31,Oyo,Iseyin,H7897,4.22,Solar,Sunny,High,216.5,1.4
2025-02-13,Lagos,Epe,H2511,4.49,Grid,Cloudy,Medium,245.0,5.7
2025-03-02,Lagos,Badagry,H6895,9.36,Grid,Sunny,Low,208.6,8.2
2025-03-08,Lagos,Badagry,H7477,6.71,Solar,Cloudy,Medium,209.8,3.6
2025-02-24,Lagos,Epe,H9895,11.37,Grid,Sunny,Medium,229.7,3.8
2025-02-08,Oyo,Oyo Town,H6331,3.48,Grid,Sunny,Low,233.3,4.7
2025-03-18,Lagos,Ikorodu,H1222,8.67,Grid,Sunny,Medium,237.2,1.9
2025-02-22,Oyo,Oyo Town,H4781,2.94,Grid,Cloudy,High,202.5,7.8
2025-03-12,Ogun,Ifo,H6034,4.69,Generator,Sunny,Medium,218.0,4.7
2025-02-13,Ogun,Ifo,H3688,7.71,Grid,Cloudy,High,237.1,6.4
2025-03-22,Oyo,Oyo Town,H6251,8.51,Grid,Cloudy,Low,221.1,2.5
2025-01-24,Oyo,Oyo Town,H9023,2.53,Generator,Sunny,High,221.4,4.8
2025-02-26,Lagos,Agbowa,H6901,3.92,Solar,Cloudy,High,238.8,1.5
2025-02-03,Lagos,Badagry,H4389,4.11,Solar,Cloudy,Medium,212.0,4.3
2025-03-30,Oyo,Igboora,H2196,3.7,Solar,Sunny,Low,246.9,2.3
2025-03-30,Oyo,Ogbomoso,H9061,5.73,Grid,Sunny,Low,247.8,6.0
2025-03-13,Ogun,Sagamu,H6681,6.68,Solar,Sunny,Low,165.0,8.6
2025-02-01,Lagos,Ikorodu,H3421,5.99,Grid,Sunny,Low,235.5,8.9
2025-01-30,Ogun,Ayetoro,H9334,5.81,Solar,Cloudy,High,230.2,4.6
2025-03-26,Lagos,Ikorodu,H6840,11.34,Grid,Rainy,Low,199.9,3.4
2025-01-25,Ogun,Ifo,H4983,5.07,Grid,Sunny,Low,218.6,6.8
2025-03-21,Oyo,Oyo Town,H9497,4.73,Grid,Cloudy,Medium,195.4,3.6
2025-03-05,Lagos,Agbowa,H4394,7.25,Grid,Cloudy,Low,203.0,4.6
2025-02-12,Ogun,Ifo,H2291,4.4,Solar,Sunny,High,219.5,6.7
2025-03-20,Ogun,Ifo,H2242,8.02,Grid,Cloudy,High,216.0,4.1
2025-03-12,Oyo,Iseyin,H8042,6.11,Grid,Sunny,Medium,190.1,2.6
2025-01-15,Oyo,Ogbomoso,H5484,4.04,Solar,Sunny,High,201.5,4.6
2025-02-13,Ogun,Ayetoro,H4077,2.51,Solar,Sunny,Medium,227.7,4.8
2025-03-24,Ogun,Ijebu,H6325,8.42,Grid,Sunny,Low,234.3,8.4
2025-02-03,Ogun,Ifo,H8053,6.97,Grid,Sunny,Medium,198.9,7.3
2025-01-12,Ogun,Ifo,H2282,11.91,Grid,Cloudy,Medium,226.4,7.3
2025-03-15,Lagos,Ikorodu,H3497,10.94,Grid,Sunny,Low,203.4,2.0
2025-01-26,Ogun,Ayetoro,H2125,7.19,Grid,Sunny,Low,219.7,0.9
2025-02-22,Oyo,Ogbomoso,H6791,2.12,Generator,Cloudy,Medium,239.6,1.6
2025-01-21,Lagos,Epe,H9154,4.15,Generator,Cloudy,Medium,200.9,3.9
2025-02-27,Lagos,Badagry,H9497,5.64,Solar,Rainy,Low,218.4,1.2
2025-01-21,Ogun,Ijebu,H6657,5.48,Grid,Sunny,Medium,236.8,5.2
2025-02-14,Ogun,Ifo,H2538,1.26,Generator,Sunny,Low,239.3,4.3
2025-01-17,Ogun,Ayetoro,H1716,6.03,Solar,Cloudy,Low,217.7,3.7
2025-03-22,Ogun,Ijebu,H3390,3.32,Solar,Cloudy,Low,199.3,1.3
2025-02-22,Oyo,Iseyin,H5527,5.06,Grid,Rainy,Medium,192.9,0.0
2025-01-18,Lagos,Agbowa,H7766,4.48,Solar,Sunny,High,216.6,3.8
2025-01-10,Oyo,Igboora,H2271,10.06,Grid,Rainy,High,201.6,6.0
2025-02-06,Oyo,Ogbomoso,H2884,8.95,Grid,Sunny,Low,215.6,4.0
2025-02-24,Ogun,Ijebu,H1148,6.67,Solar,Cloudy,Low,214.5,5.6
2025-02-09,Oyo,Oyo Town,H7221,4.52,Solar,Cloudy,Low,193.7,3.4
2025-02-14,Lagos,Epe,H5177,3.35,Grid,Sunny,Low,216.1,5.1
2025-01-15,Oyo,Igboora,H8976,3.03,Generator,Sunny,Low,196.2,3.7
2025-02-16,Ogun,Ijebu,H6979,5.4,Solar,Sunny,Medium,210.7,7.0
2025-02-04,Ogun,Ijebu,H5743,8.95,Grid,Rainy,Low,202.7,3.4
2025-02-09,Ogun,Ifo,H4314,7.48,Solar,Sunny,Medium,223.7,6.4
2025-02-12,Oyo,Oyo Town,H3305,6.26,Grid,Cloudy,Medium,187.7,3.6
2025-02-21,Oyo,Iseyin,H2341,9.34,Grid,Sunny,High,203.5,0.0
2025-03-12,Oyo,Oyo Town,H8825,3.37,Grid,Sunny,Medium,185.4,4.4
2025-01-12,Ogun,Sagamu,H1103,10.02,Grid,Sunny,High,214.7,5.2
2025-03-04,Lagos,Epe,H8886,10.44,Grid,Sunny,Medium,214.5,2.1
2025-03-10,Ogun,Ijebu,H8640,6.76,Grid,Sunny,Medium,187.6,0.8
2025-01-02,Oyo,Oyo Town,H3695,11.55,Grid,Cloudy,High,201.6,6.1
2025-03-12,Oyo,Ogbomoso,H1801,6.55,Solar,Sunny,Low,258.1,2.8
2025-03-28,Lagos,Badagry,H6014,5.18,Solar,Rainy,Medium,215.6,2.5
2025-02-14,Lagos,Epe,H8660,8.8,Grid,Cloudy,Medium,207.7,4.4
2025-03-09,Ogun,Ifo,H2272,9.38,Grid,Sunny,High,188.1,2.1
2025-02-26,Ogun,Ifo,H7586,3.85,Grid,Cloudy,Medium,238.7,5.4
2025-03-10,Ogun,Sagamu,H6944,11.68,Grid,Sunny,Low,234.9,2.5
2025-02-20,Ogun,Sagamu,H6984,2.23,Solar,Sunny,Low,241.6,5.1
2025-01-28,Oyo,Ogbomoso,H4984,7.31,Solar,Sunny,Low,202.1,5.9
2025-02-08,Oyo,Oyo Town,H6279,4.24,Generator,Cloudy,Medium,225.8,6.1
2025-03-24,Ogun,Ayetoro,H7860,4.25,Grid,Sunny,High,194.1,0.1
2025-01-09,Ogun,Sagamu,H2683,4.41,Grid,Cloudy,High,210.6,3.4
2025-03-22,Oyo,Ogbomoso,H3931,4.58,Generator,Cloudy,Low,211.7,4.6
2025-01-17,Ogun,Ijebu,H7782,5.87,Solar,Sunny,High,228.3,6.3
2025-03-06,Ogun,Ifo,H7950,11.37,Grid,Sunny,High,223.0,2.7
2025-03-22,Lagos,Ikorodu,H9771,6.54,Solar,Sunny,Medium,221.2,7.4
2025-03-22,Lagos,Agbowa,H4412,4.89,Solar,Sunny,Low,230.1,4.8
2025-03-24,Lagos,Agbowa,H8126,4.27,Solar,Cloudy,Low,210.8,2.3
2025-03-28,Oyo,Oyo Town,H6435,5.9,Solar,Sunny,Medium,191.1,4.9
2025-01-21,Lagos,Agbowa,H2444,2.05,Grid,Cloudy,Medium,199.3,5.3
2025-01-26,Lagos,Ikorodu,H5121,1.24,Generator,Sunny,Low,229.4,3.3
2025-01-12,Lagos,Epe,H9532,4.11,Generator,Sunny,Medium,219.5,5.9
2025-01-18,Ogun,Ifo,H1684,2.03,Grid,Sunny,Medium,184.5,6.5
2025-01-20,Oyo,Ogbomoso,H9462,4.39,Solar,Sunny,Medium,203.7,4.4
2025-03-09,Lagos,Epe,H8804,5.12,Solar,Cloudy,Medium,235.5,5.2
2025-01-21,Ogun,Ijebu,H5533,2.77,Grid,Cloudy,Medium,211.6,3.1
2025-03-26,Ogun,Ijebu,H8233,4.6,Solar,Cloudy,Medium,192.2,3.6
2025-01-20,Ogun,Ifo,H2772,4.21,Grid,Sunny,Low,245.3,5.3
2025-02-27,Lagos,Agbowa,H7292,2.61,Generator,Rainy,Medium,239.4,5.2
2025-03-26,Ogun,Ijebu,H2424,5.84,Grid,Sunny,High,252.7,7.1
2025-03-16,Oyo,Ogbomoso,H4104,2.26,Grid,Sunny,Low,217.8,0.5
2025-01-16,Lagos,Badagry,H6708,6.3,Grid,Rainy,Low,225.3,2.9
2025-02-28,Oyo,Ogbomoso,H1254,2.81,Grid,Sunny,Low,214.4,7.5
2025-01-09,Lagos,Epe,H4316,3.59,Grid,Cloudy,Medium,195.0,4.6
2025-03-27,Lagos,Agbowa,H2618,1.91,Solar,Cloudy,High,213.0,3.6
2025-01-12,Lagos,Agbowa,H8739,4.5,Grid,Sunny,High,233.3,2.4
2025-01-13,Lagos,Ikorodu,H4754,6.88,Grid,Cloudy,Low,166.5,5.8
2025-01-13,Lagos,Agbowa,H7660,8.64,Grid,Rainy,Low,216.3,5.0
2025-03-03,Lagos,Agbowa,H1384,1.8,Generator,Sunny,Medium,230.9,1.5
2025-01-24,Oyo,Iseyin,H9588,11.72,Grid,Cloudy,Medium,182.7,6.3
2025-02-01,Oyo,Oyo Town,H6134,4.51,Grid,Sunny,Low,219.0,6.3
2025-03-01,Lagos,Ikorodu,H7115,5.84,Solar,Sunny,High,218.5,3.3
2025-01-23,Lagos,Epe,H2646,4.41,Solar,Sunny,Medium,223.7,5.8
2025-01-21,Ogun,Ayetoro,H9473,7.45,Grid,Sunny,Medium,215.4,2.5
2025-02-12,Ogun,Ifo,H6685,6.22,Solar,Sunny,Low,202.1,2.4
2025-02-12,Ogun,Ijebu,H9360,7.19,Grid,Sunny,Medium,221.5,3.5
2025-03-05,Lagos,Epe,H6412,2.76,Generator,Rainy,Low,232.7,3.8
2025-03-27,Ogun,Ijebu,H7681,5.44,Solar,Sunny,Low,206.5,6.3
2025-03-02,Lagos,Ikorodu,H1317,4.64,Solar,Rainy,Low,233.4,2.7
2025-02-28,Lagos,Agbowa,H2724,3.88,Solar,Cloudy,Medium,216.4,5.7
2025-03-10,Lagos,Badagry,H1052,5.17,Grid,Cloudy,Medium,208.3,3.2
2025-02-05,Lagos,Ikorodu,H8922,3.52,Grid,Rainy,Medium,256.3,1.9
2025-01-02,Ogun,Sagamu,H6471,7.05,Grid,Rainy,High,213.4,4.9
2025-03-27,Lagos,Ikorodu,H4042,1.33,Generator,Cloudy,Medium,211.3,6.0
2025-03-31,Ogun,Ifo,H4958,7.27,Grid,Sunny,Medium,226.6,4.7
2025-01-30,Lagos,Epe,H6482,10.58,Grid,Cloudy,Low,218.4,6.6
2025-02-16,Lagos,Ikorodu,H4103,6.43,Solar,Sunny,Medium,172.6,2.8
2025-01-24,Lagos,Epe,H3327,3.74,Grid,Cloudy,Low,231.8,5.1
2025-03-12,Oyo,Ogbomoso,H1605,5.48,Grid,Sunny,Low,247.3,3.4
2025-01-16,Ogun,Ijebu,H3415,6.55,Solar,Cloudy,Low,223.1,4.0
2025-02-09,Ogun,Sagamu,H9103,3.45,Solar,Sunny,Medium,205.7,4.4
2025-02-07,Lagos,Epe,H7581,10.37,Grid,Rainy,Low,232.4,1.3
2025-03-30,Oyo,Ogbomoso,H3476,2.78,Solar,Sunny,Low,225.3,4.4
2025-01-31,Ogun,Sagamu,H3866,3.82,Generator,Cloudy,Medium,223.2,3.5
2025-02-17,Ogun,Ifo,H3010,4.18,Solar,Cloudy,Low,237.1,3.8
2025-01-28,Lagos,Badagry,H9741,2.16,Solar,Sunny,High,204.3,3.8
2025-01-18,Ogun,Ifo,H7902,6.65,Solar,Rainy,Low,225.3,3.5
2025-02-05,Lagos,Badagry,H5105,7.28,Solar,Cloudy,Low,196.3,6.2
2025-02-12,Lagos,Agbowa,H6805,2.18,Solar,Sunny,High,222.3,7.7
2025-02-03,Oyo,Iseyin,H7264,6.69,Grid,Sunny,Low,231.0,0.8
2025-02-02,Oyo,Igboora,H8200,2.48,Grid,Sunny,Medium,234.0,7.4
2025-01-26,Ogun,Ijebu,H3271,1.7,Generator,Sunny,Low,216.4,6.3
2025-03-18,Lagos,Agbowa,H1032,3.15,Grid,Cloudy,Medium,234.5,5.0
2025-02-04,Lagos,Ikorodu,H8941,2.65,Generator,Cloudy,Medium,201.9,0.3
2025-02-27,Ogun,Ayetoro,H9513,4.16,Solar,Cloudy,High,247.2,6.6
2025-03-22,Ogun,Sagamu,H2723,4.57,Solar,Cloudy,Low,210.1,2.3
2025-03-21,Ogun,Ijebu,H1946,8.01,Grid,Cloudy,High,215.9,7.4
2025-01-31,Lagos,Ikorodu,H3784,3.67,Solar,Sunny,Low,202.8,3.9
2025-03-27,Oyo,Ogbomoso,H4004,5.31,Grid,Sunny,High,186.9,3.8
2025-02-27,Ogun,Ifo,H8198,4.6,Solar,Sunny,Low,208.8,2.5
2025-03-08,Lagos,Agbowa,H6890,3.26,Solar,Cloudy,Medium,211.8,5.3
2025-01-17,Oyo,Iseyin,H8807,5.45,Grid,Cloudy,Low,236.5,4.0
2025-03-02,Ogun,Sagamu,H6121,3.31,Grid,Cloudy,High,200.8,1.0
2025-02-08,Lagos,Ikorodu,H3613,9.14,Grid,Sunny,High,183.4,5.8
2025-03-27,Lagos,Epe,H1109,1.51,Solar,Rainy,High,205.3,4.3
2025-01-12,Lagos,Ikorodu,H3847,8.87,Grid,Sunny,Medium,209.6,2.2
2025-03-25,Oyo,Ogbomoso,H9986,6.19,Grid,Sunny,Low,212.4,4.2
2025-02-14,Ogun,Ifo,H6876,8.69,Grid,Sunny,High,193.2,6.8
2025-03-04,Ogun,Ifo,H9999,6.98,Solar,Sunny,Medium,234.1,4.6
2025-03-06,Ogun,Ijebu,H2468,1.9,Solar,Sunny,High,192.1,4.2
2025-02-05,Ogun,Ijebu,H1331,6.86,Grid,Sunny,Low,204.0,4.2
2025-03-10,Ogun,Sagamu,H9434,9.29,Grid,Cloudy,Low,234.4,4.9
2025-01-20,Oyo,Oyo Town,H8601,3.15,Solar,Sunny,Medium,235.0,2.7
2025-03-17,Oyo,Ogbomoso,H6867,10.58,Grid,Cloudy,High,212.3,5.6
2025-01-07,Oyo,Iseyin,H8956,8.01,Grid,Cloudy,Low,235.7,6.3
2025-02-23,Lagos,Ikorodu,H4334,3.43,Grid,Sunny,Medium,208.8,5.6
2025-02-03,Ogun,Ayetoro,H5564,8.37,Grid,Sunny,Medium,203.8,3.6
2025-03-15,Lagos,Badagry,H1801,8.06,Grid,Sunny,Medium,190.3,2.8
2025-03-10,Ogun,Sagamu,H1187,1.2,Generator,Sunny,Medium,205.5,4.0
2025-02-07,Lagos,Epe,H8940,1.73,Solar,Rainy,Low,213.2,3.3
2025-02-16,Lagos,Ikorodu,H8306,6.59,Grid,Sunny,Medium,226.2,3.4
2025-01-14,Lagos,Epe,H4449,10.88,Grid,Rainy,Low,238.5,4.7
2025-03-14,Lagos,Badagry,H1624,2.45,Generator,Sunny,High,183.6,1.7
2025-02-13,Oyo,Igboora,H8507,4.75,Solar,Sunny,Medium,227.8,5.0
2025-01-31,Ogun,Sagamu,H9583,3.95,Grid,Sunny,Low,211.6,3.1
2025-01-02,Ogun,Ifo,H8239,5.47,Grid,Rainy,Medium,193.5,4.5
2025-01-06,Oyo,Oyo Town,H4834,6.02,Grid,Cloudy,Medium,237.0,7.9
2025-02-11,Lagos,Epe,H6110,1.74,Solar,Sunny,Low,267.9,1.0
2025-01-13,Ogun,Ifo,H5793,9.22,Grid,Rainy,High,236.7,4.2
2025-01-29,Ogun,Ifo,H5931,9.94,Grid,Cloudy,Low,227.4,3.3
2025-01-16,Ogun,Ifo,H2250,5.4,Generator,Sunny,Medium,237.5,3.9
2025-03-08,Oyo,Igboora,H8940,2.72,Solar,Sunny,Low,203.1,6.7
2025-02-20,Ogun,Ifo,H4409,6.69,Solar,Sunny,Medium,213.9,4.6
2025-01-30,Ogun,Sagamu,H6350,7.24,Solar,Cloudy,Medium,211.1,3.7
2025-03-30,Ogun,Ijebu,H3516,4.97,Generator,Sunny,High,226.9,0.0
2025-01-18,Oyo,Ogbomoso,H2410,4.36,Solar,Rainy,Low,237.5,5.9
2025-02-02,Ogun,Sagamu,H9475,3.65,Solar,Sunny,Low,202.5,5.7
2025-02-22,Ogun,Ijebu,H3155,11.98,Grid,Rainy,Low,234.1,5.0
2025-01-16,Ogun,Ifo,H8870,10.34,Grid,Sunny,Medium,202.2,4.9
2025-02-27,Lagos,Agbowa,H4093,6.1,Solar,Cloudy,Medium,222.0,6.1
2025-03-20,Lagos,Epe,H6105,6.08,Grid,Sunny,Low,201.5,3.7
2025-02-28,Lagos,Badagry,H5317,11.48,Grid,Sunny,High,177.1,4.4
2025-02-02,Oyo,Ogbomoso,H1714,9.07,Grid,Sunny,Medium,182.8,2.5
2025-02-02,Oyo,Igboora,H2366,11.29,Grid,Sunny,High,231.6,3.6
2025-03-05,Ogun,Ijebu,H9021,8.4,Grid,Sunny,Low,216.2,4.6
2025-03-31,Oyo,Ogbomoso,H6995,10.89,Grid,Cloudy,Low,154.6,4.4
2025-03-18,Ogun,Ifo,H5111,5.6,Solar,Cloudy,Low,231.1,2.1
2025-02-04,Oyo,Iseyin,H2919,4.62,Solar,Cloudy,Medium,222.8,3.0
2025-03-31,Ogun,Ifo,H3416,3.34,Grid,Sunny,Low,204.5,4.3
2025-02-28,Oyo,Iseyin,H6342,4.57,Solar,Sunny,Low,208.4,4.3
2025-01-16,Lagos,Ikorodu,H8165,5.95,Solar,Sunny,Low,201.8,3.4
2025-02-25,Ogun,Ijebu,H3343,5.13,Grid,Sunny,High,220.3,4.4
2025-02-26,Oyo,Oyo Town,H3603,11.64,Grid,Rainy,Low,220.3,2.8
2025-03-14,Ogun,Ifo,H9041,9.04,Grid,Sunny,Medium,234.3,6.5
2025-03-26,Oyo,Iseyin,H8478,4.01,Generator,Cloudy,High,202.6,3.4
2025-03-16,Oyo,Oyo Town,H7729,3.66,Solar,Cloudy,Low,215.0,5.2
2025-01-02,Lagos,Agbowa,H1404,5.69,Grid,Sunny,Low,204.8,3.7
2025-02-06,Lagos,Ikorodu,H3289,6.6,Solar,Sunny,High,227.4,1.7
2025-01-04,Lagos,Agbowa,H3095,8.78,Grid,Rainy,Low,183.9,5.6
2025-02-25,Oyo,Iseyin,H3526,5.16,Grid,Cloudy,Medium,191.2,7.3
2025-01-04,Ogun,Ijebu,H8475,3.22,Solar,Sunny,High,204.1,3.7
2025-02-11,Ogun,Ayetoro,H7691,10.35,Grid,Sunny,Low,210.4,2.0
2025-03-26,Oyo,Iseyin,H3604,7.95,Grid,Sunny,Medium,214.6,3.5
2025-01-29,Oyo,Igboora,H2329,2.06,Generator,Sunny,Medium,229.3,5.4
2025-02-09,Oyo,Igboora,H3349,1.6,Solar,Rainy,Low,228.5,5.2
2025-01-15,Ogun,Ijebu,H6992,4.93,Grid,Sunny,Low,217.0,7.1
2025-01-24,Oyo,Ogbomoso,H2644,5.0,Grid,Sunny,Low,218.3,4.1
2025-02-23,Oyo,Iseyin,H3314,6.2,Solar,Sunny,High,210.5,7.0
2025-03-03,Lagos,Badagry,H7834,4.28,Grid,Sunny,Low,212.9,0.7
2025-01-18,Oyo,Igboora,H6228,7.25,Solar,Sunny,Low,215.4,4.5
2025-01-30,Lagos,Badagry,H4926,1.63,Generator,Sunny,Low,207.5,3.4
2025-01-06,Ogun,Ayetoro,H2913,2.38,Solar,Cloudy,Medium,225.0,6.3
2025-02-20,Oyo,Oyo Town,H8397,5.45,Grid,Cloudy,Low,210.3,4.9
2025-03-25,Lagos,Agbowa,H9121,2.62,Grid,Rainy,Medium,198.3,8.2
2025-01-30,Oyo,Igboora,H7158,4.42,Grid,Rainy,Medium,255.5,4.0
2025-01-19,Ogun,Ayetoro,H5878,6.6,Grid,Sunny,High,170.8,7.1
2025-01-03,Oyo,Oyo Town,H8419,4.09,Grid,Sunny,Medium,206.4,5.2
2025-01-12,Oyo,Iseyin,H5951,5.47,Generator,Sunny,High,183.0,4.9
2025-01-23,Oyo,Ogbomoso,H8471,8.22,Grid,Cloudy,Low,223.5,4.0
2025-03-11,Ogun,Sagamu,H4181,5.81,Solar,Sunny,Medium,229.4,1.4
2025-02-18,Oyo,Igboora,H2323,6.13,Solar,Sunny,Medium,208.7,4.0
2025-02-05,Ogun,Sagamu,H6562,4.29,Grid,Sunny,High,190.0,5.2
2025-02-25,Lagos,Epe,H4072,2.95,Grid,Cloudy,Medium,206.3,3.9
2025-02-19,Ogun,Sagamu,H3507,4.89,Grid,Cloudy,Low,229.9,3.6
2025-03-05,Oyo,Iseyin,H6234,2.36,Generator,Sunny,Medium,243.4,2.8
2025-01-21,Ogun,Ifo,H8307,2.29,Generator,Rainy,Medium,201.3,5.6
2025-01-14,Ogun,Ayetoro,H9768,2.94,Solar,Sunny,Medium,215.3,2.1
2025-01-23,Lagos,Ikorodu,H6322,3.75,Grid,Sunny,Low,206.9,5.4
2025-02-01,Oyo,Ogbomoso,H5709,3.4,Generator,Cloudy,Medium,247.3,4.2
2025-02-07,Lagos,Agbowa,H1401,11.46,Grid,Sunny,High,211.2,5.8
2025-03-02,Oyo,Oyo Town,H5172,2.73,Solar,Sunny,Medium,190.0,4.7
2025-01-06,Lagos,Agbowa,H7475,2.71,Grid,Rainy,Low,162.9,4.4
2025-01-24,Oyo,Igboora,H1325,5.66,Solar,Cloudy,Low,228.6,6.4
2025-01-12,Ogun,Ayetoro,H3509,4.82,Grid,Rainy,Medium,204.9,3.8
2025-01-15,Lagos,Epe,H3443,6.17,Grid,Cloudy,Low,201.5,4.1
2025-02-12,Ogun,Ayetoro,H2177,2.02,Generator,Sunny,Low,228.6,1.7
2025-03-24,Lagos,Agbowa,H2003,3.32,Solar,Cloudy,Medium,238.9,2.0
2025-03-11,Lagos,Agbowa,H6354,6.91,Solar,Sunny,Low,203.0,6.8
2025-01-30,Lagos,Badagry,H8106,4.77,Solar,Cloudy,Low,198.4,5.0
2025-02-06,Lagos,Ikorodu,H1006,1.75,Solar,Cloudy,High,228.0,1.0
2025-01-25,Oyo,Igboora,H8597,3.03,Grid,Cloudy,Medium,254.9,10.2
2025-01-20,Lagos,Agbowa,H4583,8.97,Grid,Rainy,High,208.6,7.6
2025-02-20,Ogun,Ijebu,H1992,4.81,Generator,Cloudy,Medium,231.8,2.8
2025-01-27,Lagos,Epe,H2086,11.79,Grid,Sunny,Low,223.8,5.6
2025-02-14,Ogun,Ayetoro,H3469,4.48,Solar,Cloudy,High,193.2,3.2
2025-03-21,Lagos,Badagry,H5603,1.65,Solar,Cloudy,Low,184.6,3.3
2025-02-17,Oyo,Igboora,H7567,7.3,Solar,Cloudy,Medium,215.1,2.7
2025-01-06,Lagos,Badagry,H1104,6.3,Solar,Rainy,Low,171.9,6.2
2025-01-14,Oyo,Oyo Town,H4471,5.1,Grid,Rainy,Low,228.9,3.2
2025-03-10,Oyo,Igboora,H9471,5.25,Solar,Cloudy,Low,239.2,4.5
2025-01-24,Ogun,Ijebu,H9437,0.76,Generator,Sunny,Medium,179.5,4.8
2025-02-27,Oyo,Igboora,H8843,5.34,Grid,Sunny,Medium,202.4,7.1
2025-01-20,Oyo,Iseyin,H8365,6.33,Grid,Cloudy,Low,192.7,6.5
2025-02-07,Ogun,Ifo,H8314,8.42,Grid,Sunny,High,237.3,6.9
2025-01-27,Ogun,Ayetoro,H9067,3.01,Grid,Sunny,Medium,195.7,2.1
2025-03-11,Ogun,Ayetoro,H4713,7.19,Grid,Rainy,Low,210.4,2.2
2025-03-14,Oyo,Ogbomoso,H6003,3.58,Solar,Cloudy,Medium,185.1,2.7
2025-03-10,Ogun,Ayetoro,H4147,4.87,Grid,Sunny,Low,219.1,4.1
2025-02-12,Oyo,Iseyin,H4527,7.21,Solar,Sunny,Low,204.1,3.5
2025-03-10,Oyo,Iseyin,H3228,3.1,Solar,Cloudy,Medium,231.2,1.7
2025-02-02,Ogun,Ifo,H4788,3.13,Solar,Cloudy,Low,235.4,4.5
2025-01-26,Oyo,Ogbomoso,H4276,5.22,Generator,Sunny,Low,226.0,4.7
2025-02-05,Oyo,Ogbomoso,H3725,8.8,Grid,Cloudy,Medium,210.4,3.9
2025-01-15,Lagos,Epe,H3989,7.25,Solar,Sunny,Medium,237.5,3.3
2025-02-21,Ogun,Ayetoro,H4969,3.02,Grid,Cloudy,High,214.5,3.7
2025-03-10,Ogun,Ijebu,H7779,6.34,Grid,Cloudy,High,206.3,0.8
2025-01-19,Ogun,Ifo,H7344,5.18,Solar,Sunny,Medium,189.2,5.4
2025-03-04,Oyo,Ogbomoso,H5336,6.76,Solar,Sunny,Low,199.3,2.6
2025-01-29,Lagos,Agbowa,H8844,6.59,Grid,Sunny,Low,228.6,7.0
2025-02-28,Oyo,Iseyin,H1435,6.53,Solar,Sunny,High,225.0,4.9
2025-01-13,Ogun,Ijebu,H3520,3.58,Generator,Sunny,Low,232.4,5.8
2025-03-31,Lagos,Agbowa,H7520,7.02,Solar,Sunny,Low,236.5,8.7
2025-02-18,Lagos,Epe,H3909,8.66,Grid,Sunny,High,210.4,6.9
2025-01-20,Ogun,Ijebu,H1140,4.07,Solar,Sunny,Medium,254.9,2.5
2025-02-21,Ogun,Sagamu,H1696,1.96,Generator,Sunny,High,207.3,3.9
2025-02-06,Oyo,Igboora,H3763,6.91,Grid,Sunny,Low,205.1,6.9
2025-02-15,Oyo,Ogbomoso,H1076,2.46,Solar,Sunny,Low,230.8,4.7
2025-01-17,Oyo,Oyo Town,H5282,3.24,Solar,Cloudy,Low,193.3,2.3
2025-03-30,Ogun,Sagamu,H2419,3.62,Solar,Sunny,Low,224.6,5.1
2025-01-16,Ogun,Ayetoro,H8108,5.27,Grid,Rainy,High,216.7,0.0
2025-02-04,Ogun,Ifo,H7152,2.46,Generator,Rainy,Low,218.5,10.0
2025-02-02,Lagos,Ikorodu,H7309,10.38,Grid,Rainy,Medium,223.4,5.2
2025-02-12,Lagos,Ikorodu,H3514,8.74,Grid,Cloudy,Low,226.1,2.2
2025-01-07,Ogun,Ijebu,H4532,2.02,Grid,Sunny,Low,234.5,5.8
2025-01-22,Ogun,Sagamu,H2303,1.61,Solar,Sunny,Low,200.8,1.5
2025-02-10,Ogun,Ijebu,H1306,8.08,Grid,Sunny,Medium,187.4,2.9
2025-01-19,Lagos,Agbowa,H6870,7.57,Grid,Rainy,Medium,183.3,0.2
2025-03-31,Lagos,Badagry,H9542,2.53,Solar,Cloudy,Medium,162.3,4.0
2025-03-13,Oyo,Iseyin,H5863,1.08,Generator,Cloudy,Medium,196.5,4.5
2025-01-09,Lagos,Ikorodu,H1737,4.06,Grid,Sunny,Medium,232.2,3.5
2025-03-17,Oyo,Igboora,H6381,2.18,Grid,Sunny,Medium,267.4,1.8
2025-03-12,Lagos,Epe,H7926,1.56,Solar,Cloudy,Low,220.6,7.5
2025-01-10,Ogun,Ifo,H6206,4.41,Solar,Cloudy,High,236.9,2.7
2025-03-08,Oyo,Ogbomoso,H6910,10.83,Grid,Sunny,High,199.0,3.9
2025-02-11,Lagos,Agbowa,H1653,4.03,Grid,Cloudy,High,232.0,0.0
2025-01-21,Oyo,Oyo Town,H8702,0.87,Generator,Sunny,Medium,239.0,3.0
2025-01-27,Oyo,Igboora,H8904,5.21,Grid,Rainy,Medium,202.3,1.6
2025-03-23,Oyo,Ogbomoso,H5095,6.64,Grid,Sunny,Low,232.9,6.5
2025-03-27,Lagos,Agbowa,H6926,5.47,Solar,Sunny,Low,211.0,4.0
2025-03-27,Lagos,Badagry,H6144,1.9,Solar,Cloudy,Medium,224.1,6.9
2025-02-27,Ogun,Sagamu,H8654,4.61,Solar,Cloudy,High,223.2,2.3
2025-03-19,Lagos,Ikorodu,H6197,2.67,Solar,Cloudy,Low,220.9,4.9
2025-03-31,Oyo,Igboora,H6848,3.77,Generator,Cloudy,Medium,218.8,5.9
2025-01-10,Ogun,Ifo,H1000,5.8,Solar,Sunny,Medium,198.0,2.7
2025-02-19,Lagos,Agbowa,H3811,6.25,Grid,Sunny,Low,215.3,5.8
2025-03-16,Oyo,Oyo Town,H5880,5.83,Grid,Sunny,Medium,225.2,6.1
2025-03-19,Lagos,Agbowa,H4027,3.08,Solar,Sunny,Medium,218.4,5.1
2025-01-03,Oyo,Iseyin,H5252,8.95,Grid,Sunny,Low,224.3,1.3
2025-01-01,Lagos,Ikorodu,H9419,9.78,Grid,Cloudy,High,201.1,5.2
2025-03-09,Ogun,Sagamu,H9408,6.32,Grid,Cloudy,Low,222.0,0.9
2025-02-10,Oyo,Igboora,H2316,10.98,Grid,Cloudy,Low,208.4,5.5
2025-02-12,Lagos,Epe,H6698,4.72,Generator,Rainy,High,224.4,0.9
2025-03-21,Oyo,Oyo Town,H4069,5.27,Grid,Sunny,High,230.1,5.2
2025-03-01,Lagos,Ikorodu,H2928,0.7,Generator,Rainy,Low,194.7,3.5
2025-01-14,Ogun,Sagamu,H1190,7.66,Grid,Sunny,Medium,236.6,1.4
2025-03-11,Oyo,Oyo Town,H2120,8.24,Grid,Sunny,Medium,222.7,6.2
2025-01-14,Ogun,Ijebu,H8176,5.02,Solar,Cloudy,High,217.9,4.0
2025-01-13,Lagos,Epe,H1786,3.84,Solar,Sunny,Medium,225.0,1.2
2025-01-05,Oyo,Iseyin,H3887,3.14,Generator,Rainy,Low,227.5,5.8
2025-01-09,Ogun,Ifo,H7601,5.55,Solar,Sunny,Medium,193.8,7.0
2025-03-31,Lagos,Epe,H2201,3.95,Generator,Sunny,Medium,235.2,6.7
2025-01-22,Lagos,Badagry,H1143,7.99,Grid,Sunny,Medium,226.3,2.2
2025-03-07,Lagos,Badagry,H2761,3.7,Grid,Cloudy,High,246.1,5.7
2025-01-15,Oyo,Igboora,H5805,4.72,Solar,Cloudy,High,164.4,3.4
2025-01-06,Ogun,Ifo,H9992,11.21,Grid,Cloudy,Low,250.1,7.1
2025-01-25,Lagos,Agbowa,H8245,6.23,Grid,Sunny,Low,218.9,2.5
2025-02-25,Lagos,Badagry,H2627,1.56,Generator,Rainy,Medium,227.6,2.4
2025-02-22,Oyo,Ogbomoso,H3452,2.3,Grid,Cloudy,High,220.1,5.6
2025-02-15,Oyo,Igboora,H4738,0.81,Generator,Sunny,High,204.7,3.6
2025-03-21,Oyo,Igboora,H8360,5.19,Generator,Cloudy,High,210.9,2.5
2025-02-22,Ogun,Ayetoro,H7248,6.69,Grid,Sunny,Low,205.2,3.4
2025-01-26,Ogun,Ifo,H1375,9.59,Grid,Sunny,High,213.8,5.0
2025-03-09,Ogun,Sagamu,H2521,4.99,Grid,Cloudy,Low,205.3,3.3
2025-03-18,Lagos,Badagry,H9583,2.63,Grid,Sunny,Medium,226.9,2.9
2025-03-02,Oyo,Iseyin,H2326,3.55,Grid,Sunny,High,214.4,2.3
2025-01-03,Ogun,Ifo,H3992,3.37,Grid,Cloudy,High,218.7,9.4
2025-03-28,Oyo,Ogbomoso,H7337,6.88,Grid,Cloudy,Low,213.4,2.3
2025-01-05,Ogun,Ayetoro,H9894,6.19,Grid,Cloudy,Low,249.8,3.4
2025-03-26,Oyo,Igboora,H3874,6.67,Solar,Cloudy,Medium,222.9,0.1
2025-01-29,Lagos,Epe,H7365,3.73,Solar,Rainy,High,214.0,1.2
2025-03-13,Ogun,Ifo,H1331,6.53,Solar,Sunny,Medium,234.0,3.3
2025-02-01,Oyo,Iseyin,H4893,9.62,Grid,Sunny,Medium,210.1,3.4
2025-02-21,Oyo,Ogbomoso,H6614,3.4,Generator,Sunny,Medium,259.4,3.7
2025-02-13,Lagos,Epe,H6025,8.62,Grid,Cloudy,Low,219.3,1.8
2025-01-14,Oyo,Ogbomoso,H6780,3.83,Grid,Sunny,Low,204.0,5.7
2025-02-20,Oyo,Iseyin,H7190,1.22,Generator,Rainy,Medium,239.4,3.0
2025-01-29,Lagos,Agbowa,H1141,10.45,Grid,Sunny,Medium,204.4,5.0
2025-03-26,Ogun,Ayetoro,H4109,6.74,Solar,Sunny,Low,198.2,2.2
2025-02-02,Oyo,Oyo Town,H6667,8.27,Grid,Rainy,Medium,202.3,4.9
2025-02-12,Oyo,Ogbomoso,H3771,6.86,Grid,Sunny,Low,196.3,2.7
2025-03-06,Lagos,Agbowa,H4455,6.66,Grid,Rainy,Medium,202.9,4.9
2025-02-09,Oyo,Ogbomoso,H4259,12.0,Grid,Sunny,Medium,204.5,6.8
2025-01-16,Oyo,Ogbomoso,H8737,2.73,Solar,Sunny,Low,217.8,0.0
2025-01-17,Oyo,Iseyin,H2436,4.51,Solar,Rainy,Medium,173.3,7.4
2025-01-27,Ogun,Ifo,H7016,4.19,Solar,Sunny,Low,203.6,4.7
2025-03-02,Lagos,Ikorodu,H5688,3.78,Solar,Sunny,Low,206.0,6.5
2025-02-22,Lagos,Badagry,H3083,2.92,Solar,Sunny,Medium,228.7,7.7
2025-01-29,Ogun,Ifo,H1671,0.6,Generator,Sunny,Low,217.0,6.6
2025-03-20,Oyo,Oyo Town,H4438,1.68,Solar,Sunny,Low,216.8,4.5
2025-03-09,Lagos,Epe,H6563,3.89,Generator,Sunny,Medium,232.4,3.1
2025-01-04,Ogun,Ayetoro,H6329,1.89,Generator,Rainy,Medium,232.5,6.9
2025-01-16,Ogun,Sagamu,H6161,0.89,Generator,Sunny,Low,182.2,3.2
2025-02-24,Oyo,Ogbomoso,H1840,3.86,Grid,Cloudy,High,227.8,3.6
2025-03-10,Ogun,Ifo,H3541,7.95,Grid,Sunny,Low,216.7,0.0
2025-01-12,Lagos,Badagry,H9350,9.51,Grid,Sunny,Medium,224.3,7.0
2025-02-16,Ogun,Ayetoro,H4358,0.78,Generator,Cloudy,Medium,196.0,7.5
2025-01-20,Lagos,Badagry,H6714,11.09,Grid,Rainy,High,237.7,1.8
2025-01-09,Oyo,Oyo Town,H2768,5.42,Grid,Sunny,Low,239.5,3.5
2025-01-24,Oyo,Igboora,H9939,4.88,Grid,Cloudy,Medium,176.8,3.9
2025-02-22,Lagos,Badagry,H5411,2.2,Solar,Sunny,Low,233.2,4.2
2025-02-23,Oyo,Igboora,H4178,11.32,Grid,Cloudy,Medium,220.3,6.5
2025-03-07,Oyo,Ogbomoso,H2506,3.46,Solar,Rainy,Low,212.5,4.2
2025-03-26,Lagos,Epe,H6236,7.38,Solar,Sunny,Low,245.3,5.2
2025-03-31,Ogun,Ijebu,H5295,3.03,Grid,Cloudy,Medium,220.2,1.5
2025-03-01,Oyo,Oyo Town,H6815,11.84,Grid,Rainy,High,176.8,2.3
2025-03-19,Oyo,Oyo Town,H5817,6.58,Grid,Sunny,Medium,226.1,1.3
2025-02-01,Lagos,Badagry,H7111,10.24,Grid,Cloudy,Low,213.1,6.7
2025-03-15,Oyo,Igboora,H9266,5.28,Grid,Sunny,High,184.6,0.0
2025-03-04,Lagos,Ikorodu,H9653,6.35,Solar,Sunny,Low,206.8,6.3
2025-02-15,Lagos,Epe,H5833,3.19,Grid,Sunny,High,218.8,4.9
2025-02-27,Oyo,Oyo Town,H1165,3.95,Solar,Sunny,Medium,224.1,2.0
2025-01-22,Ogun,Sagamu,H1502,0.84,Generator,Cloudy,Medium,195.7,3.6
2025-02-19,Ogun,Ijebu,H3126,1.96,Solar,Rainy,Medium,229.3,0.0
2025-03-21,Lagos,Badagry,H4496,8.12,Grid,Cloudy,High,187.6,2.6
2025-02-22,Ogun,Sagamu,H8560,8.76,Grid,Sunny,Medium,203.9,4.4
2025-03-07,Oyo,Iseyin,H2091,10.27,Grid,Sunny,Low,213.1,2.9
2025-03-10,Ogun,Ifo,H8050,4.31,Grid,Rainy,Medium,250.1,4.0
2025-02-23,Ogun,Ijebu,H3023,5.17,Generator,Sunny,High,219.5,5.4
2025-01-27,Oyo,Ogbomoso,H1469,4.69,Solar,Sunny,Medium,200.3,7.6
2025-01-10,Ogun,Ijebu,H2781,6.5,Solar,Cloudy,Low,239.0,4.3
2025-02-27,Ogun,Ifo,H1680,4.51,Grid,Sunny,High,213.9,6.4
2025-01-09,Lagos,Badagry,H8849,3.45,Solar,Sunny,Medium,213.1,4.8
2025-03-03,Lagos,Agbowa,H8589,6.33,Solar,Sunny,Medium,212.4,5.2
2025-02-21,Ogun,Ayetoro,H5494,1.65,Solar,Sunny,High,248.0,6.1
2025-02-11,Ogun,Ijebu,H2970,2.59,Solar,Sunny,High,189.1,5.1
2025-01-24,Ogun,Ifo,H8755,3.6,Grid,Sunny,Medium,209.0,1.6
2025-03-10,Ogun,Sagamu,H3318,3.86,Solar,Rainy,Low,236.0,7.3
2025-01-23,Lagos,Epe,H4641,10.35,Grid,Sunny,Low,224.8,3.3
2025-01-05,Oyo,Iseyin,H2063,0.7,Generator,Sunny,Low,176.8,6.6
2025-02-09,Oyo,Oyo Town,H9566,9.87,Grid,Cloudy,Low,213.2,3.9
2025-01-25,Lagos,Badagry,H3966,4.77,Solar,Sunny,High,234.0,2.0
2025-01-07,Ogun,Ayetoro,H3752,7.5,Grid,Rainy,Low,213.0,2.8
2025-03-12,Oyo,Oyo Town,H7355,2.86,Solar,Cloudy,Low,212.8,2.2
2025-02-09,Lagos,Agbowa,H2627,4.11,Grid,Rainy,Low,156.9,3.3
2025-02-07,Ogun,Sagamu,H1511,3.61,Grid,Sunny,Medium,241.6,4.6
2025-02-28,Lagos,Ikorodu,H3044,3.11,Solar,Sunny,Low,191.9,0.5
2025-02-08,Ogun,Ifo,H3158,3.85,Solar,Sunny,Low,196.1,5.2
2025-01-16,Ogun,Ifo,H6913,6.87,Solar,Sunny,High,195.0,2.5
2025-01-15,Oyo,Ogbomoso,H3556,10.26,Grid,Sunny,Medium,234.6,5.0
2025-03-15,Oyo,Igboora,H7709,5.6,Grid,Sunny,Medium,191.1,5.8
2025-01-22,Lagos,Ikorodu,H6450,11.88,Grid,Rainy,Low,232.9,7.7
2025-01-31,Ogun,Ifo,H8439,3.6,Generator,Sunny,Medium,184.3,0.2
2025-01-19,Oyo,Oyo Town,H9760,4.02,Grid,Cloudy,High,218.7,4.9
2025-01-08,Oyo,Ogbomoso,H9581,1.6,Solar,Cloudy,Medium,196.0,2.6
2025-02-26,Ogun,Ayetoro,H1455,2.12,Solar,Sunny,High,233.0,4.9
2025-02-27,Ogun,Ayetoro,H9771,8.03,Grid,Cloudy,Medium,229.7,7.6
2025-03-05,Ogun,Ayetoro,H9126,4.26,Grid,Sunny,Medium,194.0,5.5
2025-02-02,Ogun,Ijebu,H5097,1.86,Solar,Cloudy,Low,220.7,2.0
2025-02-12,Lagos,Ikorodu,H8542,3.55,Solar,Sunny,Medium,230.6,3.9
2025-03-31,Oyo,Iseyin,H3276,2.82,Grid,Sunny,Low,193.6,7.8
2025-03-13,Oyo,Igboora,H4167,5.48,Solar,Sunny,Low,218.7,5.9
2025-02-20,Ogun,Sagamu,H5785,2.04,Solar,Sunny,Low,181.6,6.1
2025-02-04,Ogun,Ifo,H6395,4.07,Generator,Sunny,Low,219.6,0.3
2025-02-24,Lagos,Badagry,H7019,5.56,Solar,Rainy,Medium,222.4,4.3
2025-01-20,Oyo,Ogbomoso,H9610,4.18,Grid,Sunny,Low,238.7,6.9
2025-01-11,Oyo,Oyo Town,H5300,3.44,Solar,Sunny,Medium,228.3,7.9
2025-01-18,Oyo,Iseyin,H4687,10.32,Grid,Sunny,Low,219.6,5.3
2025-01-21,Ogun,Ifo,H5798,9.8,Grid,Sunny,Medium,196.7,6.7
2025-03-18,Lagos,Epe,H7077,10.51,Grid,Sunny,Medium,216.6,5.1
2025-02-23,Ogun,Ayetoro,H6194,3.78,Solar,Sunny,Medium,183.8,7.0
2025-03-16,Oyo,Ogbomoso,H9626,2.97,Grid,Sunny,Low,243.4,0.0
2025-03-31,Ogun,Ijebu,H2913,4.56,Generator,Rainy,Medium,190.9,1.8
2025-01-17,Ogun,Ayetoro,H5954,5.15,Grid,Cloudy,Medium,221.8,2.1
2025-03-13,Oyo,Ogbomoso,H2121,9.01,Grid,Cloudy,Medium,225.6,4.7
2025-02-12,Ogun,Sagamu,H3442,3.87,Grid,Cloudy,Medium,256.7,2.0
2025-02-11,Lagos,Agbowa,H4657,7.28,Solar,Sunny,Low,213.9,2.0
2025-01-22,Ogun,Ifo,H7965,1.84,Solar,Sunny,Low,218.9,2.2
2025-02-04,Lagos,Epe,H6743,6.42,Solar,Sunny,Medium,215.0,2.8
2025-01-29,Oyo,Ogbomoso,H3482,5.18,Solar,Sunny,Low,246.8,5.1
2025-02-05,Lagos,Agbowa,H9846,3.9,Grid,Cloudy,Medium,225.1,7.6
2025-03-15,Oyo,Ogbomoso,H6319,5.16,Grid,Rainy,Low,194.5,6.5
2025-01-05,Oyo,Igboora,H5156,4.23,Solar,Sunny,Medium,228.6,3.7
2025-03-16,Ogun,Ijebu,H2026,11.69,Grid,Sunny,Medium,203.1,3.7
2025-02-04,Ogun,Sagamu,H4227,8.58,Grid,Sunny,Low,191.9,0.6
2025-01-16,Oyo,Ogbomoso,H3078,5.87,Grid,Rainy,Medium,200.8,7.9
2025-02-18,Lagos,Agbowa,H8241,7.14,Solar,Sunny,High,223.0,4.3
2025-03-29,Lagos,Agbowa,H5689,7.82,Grid,Sunny,Medium,181.3,2.0
2025-01-11,Oyo,Iseyin,H6864,9.34,Grid,Sunny,Low,258.3,6.4
2025-01-17,Lagos,Badagry,H9215,4.52,Generator,Cloudy,Low,198.7,4.2
2025-03-03,Lagos,Badagry,H5692,3.28,Solar,Rainy,Low,213.5,3.8
2025-03-09,Lagos,Epe,H6319,11.4,Grid,Cloudy,Low,225.1,7.0
2025-01-24,Ogun,Ijebu,H5662,5.28,Solar,Sunny,Medium,224.8,5.1
2025-02-11,Oyo,Ogbomoso,H4582,10.75,Grid,Rainy,Low,223.7,0.0
2025-01-02,Lagos,Badagry,H1185,4.39,Solar,Rainy,Medium,201.5,3.2
2025-02-20,Ogun,Ifo,H4974,2.55,Grid,Cloudy,Low,231.8,4.4
2025-01-10,Lagos,Agbowa,H5757,2.48,Grid,Sunny,Medium,223.5,4.8
2025-03-30,Oyo,Igboora,H4401,4.83,Solar,Sunny,Medium,223.9,6.2
2025-02-20,Oyo,Ogbomoso,H7300,7.25,Solar,Cloudy,Medium,260.4,5.8
2025-01-21,Lagos,Agbowa,H4446,3.85,Grid,Cloudy,Medium,217.9,2.8
2025-03-09,Lagos,Badagry,H3526,5.5,Solar,Sunny,Low,212.8,2.4
2025-01-27,Oyo,Igboora,H2605,5.87,Grid,Sunny,Low,212.4,2.9
2025-01-22,Ogun,Ayetoro,H4151,6.53,Solar,Sunny,Low,215.4,1.7
2025-03-16,Lagos,Agbowa,H5991,7.66,Grid,Sunny,Medium,218.1,6.0
2025-02-12,Oyo,Igboora,H6756,0.72,Generator,Sunny,Low,218.5,1.3
2025-03-22,Ogun,Ayetoro,H2032,6.55,Solar,Sunny,High,205.9,3.6
2025-03-02,Lagos,Agbowa,H8854,7.19,Grid,Sunny,Low,200.7,1.4
2025-02-10,Lagos,Agbowa,H2514,1.21,Generator,Cloudy,High,234.6,0.0
2025-03-22,Ogun,Ayetoro,H5717,8.42,Grid,Sunny,Medium,209.0,0.0
2025-02-06,Lagos,Badagry,H5559,3.77,Grid,Sunny,Low,245.6,5.3
2025-02-16,Lagos,Epe,H6419,2.97,Grid,Sunny,Low,224.9,2.9
2025-01-08,Oyo,Ogbomoso,H3116,7.03,Solar,Sunny,Medium,211.3,3.3
2025-03-25,Ogun,Sagamu,H9645,4.41,Grid,Cloudy,High,215.9,4.1
2025-03-18,Ogun,Ayetoro,H9748,11.78,Grid,Sunny,Medium,225.0,2.9
2025-01-03,Oyo,Igboora,H7665,7.78,Grid,Cloudy,Medium,223.7,5.0
2025-01-24,Oyo,Iseyin,H8157,1.2,Generator,Sunny,Medium,240.6,0.0
2025-01-07,Oyo,Ogbomoso,H3052,3.35,Grid,Sunny,High,195.7,7.3
2025-01-16,Ogun,Sagamu,H8532,10.8,Grid,Sunny,High,203.4,1.7
2025-02-09,Ogun,Sagamu,H7449,3.65,Solar,Sunny,Medium,244.9,7.7
2025-03-24,Ogun,Sagamu,H6852,7.7,Grid,Sunny,Medium,228.6,2.4
2025-02-20,Lagos,Agbowa,H6762,7.64,Grid,Sunny,Medium,232.6,1.8
2025-03-10,Oyo,Ogbomoso,H5442,5.16,Solar,Cloudy,Medium,192.8,3.9
2025-01-05,Lagos,Agbowa,H8966,7.14,Grid,Sunny,Medium,178.2,3.9
2025-01-20,Ogun,Ijebu,H1707,7.15,Solar,Sunny,Medium,212.7,1.4
2025-02-12,Lagos,Agbowa,H8455,6.07,Grid,Cloudy,Medium,234.2,4.1
2025-01-13,Ogun,Ayetoro,H7029,7.77,Grid,Sunny,High,219.5,5.8
2025-03-24,Ogun,Sagamu,H9680,6.98,Solar,Sunny,Medium,189.6,4.6
2025-03-19,Lagos,Badagry,H2796,5.06,Grid,Sunny,Low,257.5,6.7
2025-02-13,Lagos,Agbowa,H7235,2.88,Grid,Cloudy,Low,216.4,1.4
2025-02-25,Ogun,Ijebu,H6600,10.12,Grid,Sunny,Medium,236.4,5.2
2025-02-21,Lagos,Ikorodu,H3660,4.93,Generator,Sunny,Low,261.1,1.0
2025-01-23,Lagos,Agbowa,H9578,7.48,Solar,Cloudy,High,195.5,6.0
2025-03-25,Ogun,Ijebu,H5201,4.99,Generator,Sunny,Low,198.5,2.6
2025-01-18,Oyo,Igboora,H2239,8.75,Grid,Rainy,Medium,230.6,2.4
2025-02-19,Lagos,Badagry,H7601,2.76,Solar,Sunny,Medium,215.7,4.2
2025-02-24,Oyo,Oyo Town,H5814,4.33,Generator,Sunny,Medium,195.3,3.4
2025-03-30,Ogun,Ayetoro,H8003,2.74,Solar,Cloudy,Medium,175.4,4.1
2025-01-22,Lagos,Epe,H2418,4.32,Grid,Cloudy,Medium,184.1,2.7
2025-01-17,Lagos,Epe,H4386,5.7,Grid,Cloudy,High,223.4,4.5
2025-01-29,Lagos,Agbowa,H7131,3.76,Solar,Sunny,High,205.1,3.6
2025-01-23,Ogun,Sagamu,H9354,5.17,Grid,Sunny,Low,220.2,4.4
2025-02-06,Ogun,Ijebu,H8075,9.65,Grid,Rainy,High,223.9,2.3
2025-03-28,Oyo,Igboora,H6751,3.0,Generator,Cloudy,Low,218.2,8.4
2025-03-26,Ogun,Ifo,H1602,10.61,Grid,Sunny,High,238.9,1.5
2025-02-26,Ogun,Ijebu,H8468,3.38,Solar,Cloudy,High,235.6,5.7
2025-03-10,Ogun,Ayetoro,H9857,2.51,Solar,Sunny,High,216.5,3.7
2025-01-14,Ogun,Ayetoro,H4290,3.68,Grid,Cloudy,Low,218.6,6.5
2025-01-22,Lagos,Ikorodu,H9731,8.04,Grid,Cloudy,Medium,240.5,3.7
2025-01-25,Ogun,Ijebu,H8440,6.53,Solar,Cloudy,Low,239.4,6.1
2025-03-19,Ogun,Ifo,H1962,3.13,Grid,Rainy,Medium,233.7,3.6
2025-03-22,Lagos,Ikorodu,H1937,8.31,Grid,Rainy,Medium,196.7,2.3
2025-03-08,Ogun,Sagamu,H6704,2.47,Generator,Sunny,Medium,223.5,4.1
2025-02-21,Lagos,Badagry,H8817,7.21,Grid,Sunny,Low,235.3,3.7
2025-02-05,Lagos,Ikorodu,H8337,7.4,Solar,Sunny,Low,211.4,3.8
2025-02-28,Oyo,Igboora,H3544,4.03,Solar,Cloudy,Medium,202.6,5.2
2025-01-22,Oyo,Igboora,H8844,4.25,Solar,Cloudy,Medium,232.2,2.3
2025-01-23,Ogun,Ijebu,H9330,7.47,Solar,Sunny,Medium,230.9,3.8
2025-02-27,Ogun,Ayetoro,H2114,6.19,Grid,Sunny,Low,200.7,5.0
2025-03-12,Oyo,Iseyin,H3470,11.29,Grid,Sunny,Medium,195.1,3.6
2025-03-08,Lagos,Agbowa,H1570,5.23,Solar,Sunny,Low,203.3,4.7
2025-03-19,Lagos,Epe,H6002,2.54,Grid,Rainy,Low,240.1,3.1
2025-03-16,Ogun,Ijebu,H5783,7.09,Grid,Sunny,Medium,220.5,4.0
2025-02-28,Lagos,Badagry,H5349,4.49,Grid,Rainy,Medium,219.5,4.0
2025-01-23,Oyo,Oyo Town,H4033,2.23,Generator,Sunny,Medium,228.3,2.9
2025-03-02,Ogun,Ijebu,H1650,5.08,Grid,Cloudy,Low,199.4,2.5
2025-01-07,Lagos,Agbowa,H3334,4.91,Grid,Sunny,Medium,178.4,1.5
2025-02-27,Lagos,Agbowa,H7092,2.15,Generator,Rainy,Medium,212.0,3.3
2025-02-18,Oyo,Ogbomoso,H4915,9.83,Grid,Sunny,Low,221.3,2.2
2025-01-02,Lagos,Ikorodu,H1179,3.9,Grid,Sunny,High,218.6,6.6
2025-01-19,Ogun,Ijebu,H9465,10.6,Grid,Rainy,Low,220.1,3.5
2025-03-05,Oyo,Iseyin,H1618,11.35,Grid,Sunny,Medium,211.7,4.4
2025-01-19,Ogun,Sagamu,H8007,5.93,Grid,Sunny,Low,190.7,4.3
2025-01-20,Oyo,Igboora,H2494,4.52,Solar,Sunny,Low,228.1,5.6
2025-01-05,Lagos,Ikorodu,H2874,2.02,Solar,Sunny,Medium,189.7,0.4
2025-02-08,Ogun,Ifo,H4719,11.54,Grid,Sunny,High,207.3,3.8
2025-02-04,Ogun,Ijebu,H5740,3.41,Grid,Sunny,High,207.0,4.5
2025-03-02,Ogun,Sagamu,H9393,2.21,Generator,Sunny,Medium,191.5,5.0
2025-01-22,Ogun,Sagamu,H6701,10.87,Grid,Rainy,High,238.6,5.0
2025-02-05,Oyo,Ogbomoso,H6442,8.36,Grid,Sunny,Low,195.6,3.2
2025-02-24,Ogun,Ayetoro,H5521,2.29,Solar,Cloudy,Low,202.7,2.6
2025-03-02,Lagos,Badagry,H3248,8.96,Grid,Cloudy,Medium,236.8,3.1
2025-02-17,Ogun,Ayetoro,H9154,3.8,Grid,Sunny,High,240.9,1.8
2025-01-05,Ogun,Sagamu,H2190,2.56,Grid,Cloudy,Low,187.1,5.2
2025-01-31,Ogun,Ifo,H1324,4.98,Grid,Sunny,Low,214.9,3.6
2025-03-15,Lagos,Ikorodu,H9546,3.62,Grid,Sunny,High,221.4,7.3
2025-02-24,Oyo,Oyo Town,H5140,1.48,Generator,Cloudy,Medium,193.1,1.0
2025-03-15,Ogun,Ijebu,H8511,5.93,Solar,Sunny,High,234.0,4.5
2025-01-25,Oyo,Iseyin,H4501,4.27,Grid,Sunny,Medium,221.0,4.4
2025-02-16,Ogun,Ifo,H2073,6.45,Grid,Sunny,High,171.1,3.7
2025-02-07,Lagos,Badagry,H8802,4.56,Generator,Cloudy,Medium,199.0,0.2
2025-01-15,Oyo,Igboora,H6959,7.15,Solar,Sunny,Medium,242.9,5.4
2025-01-31,Lagos,Badagry,H5056,1.81,Solar,Cloudy,Low,248.4,2.1
2025-02-19,Oyo,Igboora,H3740,8.35,Grid,Cloudy,Low,226.7,2.5
2025-01-11,Oyo,Iseyin,H3805,5.99,Solar,Sunny,Low,185.0,3.8
2025-01-22,Oyo,Iseyin,H8870,2.64,Generator,Cloudy,High,234.0,3.9
2025-02-19,Ogun,Ifo,H2903,4.18,Solar,Cloudy,Low,209.7,3.3
2025-02-26,Oyo,Ogbomoso,H9491,4.42,Grid,Sunny,High,234.2,4.9
2025-01-17,Oyo,Iseyin,H1829,5.1,Solar,Sunny,Medium,232.8,5.5
2025-03-15,Oyo,Oyo Town,H3996,3.74,Generator,Cloudy,Low,208.0,2.5
2025-03-13,Lagos,Epe,H5293,4.34,Solar,Cloudy,Low,206.8,5.8
2025-02-08,Oyo,Igboora,H8461,4.74,Generator,Sunny,Medium,209.4,1.4
2025-03-28,Lagos,Epe,H8418,8.35,Grid,Cloudy,Medium,203.4,2.8
2025-02-27,Oyo,Igboora,H5921,10.58,Grid,Sunny,Medium,200.4,7.8
2025-03-15,Oyo,Iseyin,H5958,3.14,Generator,Cloudy,High,202.8,4.7
2025-02-03,Lagos,Ikorodu,H4828,8.01,Grid,Sunny,Medium,207.1,1.8
2025-03-20,Oyo,Igboora,H2982,7.04,Solar,Rainy,Medium,225.1,6.9
2025-01-20,Ogun,Ayetoro,H4813,8.02,Grid,Cloudy,Medium,278.0,1.8
2025-03-12,Ogun,Ijebu,H1620,10.05,Grid,Sunny,Low,253.5,2.5
2025-02-06,Lagos,Epe,H2835,5.47,Grid,Sunny,Medium,173.7,4.1
2025-01-11,Ogun,Ijebu,H2869,3.52,Solar,Sunny,Medium,247.9,4.7
2025-03-23,Oyo,Ogbomoso,H2032,7.18,Grid,Sunny,High,187.7,5.2
2025-03-07,Ogun,Ifo,H7388,3.06,Grid,Sunny,Low,205.2,5.3
2025-02-15,Oyo,Oyo Town,H4089,2.62,Grid,Sunny,Medium,195.3,4.4
2025-03-30,Ogun,Sagamu,H4427,3.18,Grid,Sunny,High,213.4,2.8
2025-01-28,Lagos,Agbowa,H4159,1.74,Solar,Sunny,Medium,258.4,1.2
2025-03-19,Ogun,Ijebu,H4763,2.14,Solar,Sunny,Low,199.4,3.5
2025-03-16,Lagos,Epe,H5638,6.69,Solar,Rainy,High,247.0,5.6
2025-03-06,Oyo,Igboora,H7691,6.82,Grid,Cloudy,Medium,198.8,5.9
2025-01-05,Lagos,Agbowa,H9772,6.86,Grid,Rainy,Low,219.1,5.5
2025-01-09,Ogun,Ayetoro,H1425,6.61,Solar,Sunny,Low,229.0,9.6
2025-03-30,Ogun,Ifo,H2821,5.77,Grid,Sunny,High,200.2,4.4
2025-02-27,Lagos,Epe,H2384,2.26,Solar,Rainy,Medium,244.2,4.9
2025-03-22,Lagos,Ikorodu,H6792,10.99,Grid,Rainy,Medium,196.0,4.6
2025-03-14,Ogun,Ayetoro,H5459,9.6,Grid,Sunny,High,191.2,6.1
2025-03-16,Ogun,Sagamu,H8069,4.26,Grid,Cloudy,Medium,206.1,4.2
2025-03-30,Ogun,Ayetoro,H6761,11.85,Grid,Sunny,Low,207.2,3.4
2025-01-06,Ogun,Ijebu,H1291,7.65,Grid,Cloudy,Medium,241.2,3.6
2025-01-20,Oyo,Iseyin,H4534,5.07,Generator,Sunny,Medium,237.8,3.2
2025-02-02,Ogun,Ayetoro,H5476,11.41,Grid,Rainy,Medium,193.0,6.8
2025-01-21,Oyo,Oyo Town,H3943,4.0,Generator,Sunny,Low,226.9,2.8
2025-02-13,Oyo,Ogbomoso,H1250,3.2,Solar,Sunny,Low,242.0,5.8
2025-01-25,Lagos,Ikorodu,H5618,2.67,Generator,Sunny,High,211.0,4.5
2025-01-09,Lagos,Badagry,H8276,4.28,Generator,Sunny,Low,246.2,0.9
2025-01-09,Ogun,Sagamu,H6670,2.58,Grid,Cloudy,Low,210.1,0.2
2025-01-08,Lagos,Epe,H8956,2.57,Grid,Sunny,Low,234.2,4.4
2025-03-27,Oyo,Iseyin,H4946,6.19,Grid,Cloudy,Medium,200.3,7.3
2025-03-30,Lagos,Ikorodu,H2266,5.47,Solar,Sunny,Medium,212.8,3.2
2025-03-16,Oyo,Iseyin,H9448,5.05,Generator,Sunny,Medium,227.4,7.3
2025-01-10,Lagos,Agbowa,H2665,4.35,Solar,Rainy,Medium,222.8,3.8
2025-03-17,Lagos,Ikorodu,H5591,4.38,Solar,Sunny,High,216.7,2.5
2025-02-12,Lagos,Badagry,H8576,10.26,Grid,Rainy,Low,202.0,4.2
2025-03-31,Oyo,Oyo Town,H1820,2.85,Generator,Sunny,Low,206.3,5.6
2025-03-20,Oyo,Igboora,H6566,9.8,Grid,Sunny,Low,184.1,3.7
2025-03-19,Ogun,Ijebu,H1603,5.43,Grid,Sunny,High,214.8,4.6
2025-02-15,Ogun,Ayetoro,H2636,9.1,Grid,Rainy,Medium,220.6,3.0
2025-01-02,Oyo,Oyo Town,H1339,2.22,Grid,Sunny,Low,205.4,4.7
2025-03-25,Ogun,Ayetoro,H2571,2.27,Grid,Cloudy,Medium,222.9,4.5
2025-03-14,Ogun,Ijebu,H4243,5.89,Grid,Sunny,Medium,236.9,0.9
2025-01-03,Oyo,Oyo Town,H7461,2.76,Generator,Rainy,Medium,219.9,1.8
2025-01-04,Ogun,Ayetoro,H6135,11.99,Grid,Sunny,Medium,217.2,2.7
2025-02-08,Oyo,Oyo Town,H3624,7.1,Grid,Sunny,Medium,197.9,1.7
2025-03-07,Lagos,Epe,H7413,11.45,Grid,Sunny,High,231.0,0.3
2025-01-01,Ogun,Sagamu,H2517,5.24,Generator,Sunny,High,215.9,5.1
2025-03-26,Lagos,Badagry,H3031,8.93,Grid,Sunny,Medium,221.5,0.4
2025-03-20,Ogun,Sagamu,H7622,7.36,Solar,Sunny,Low,214.9,6.4
2025-02-13,Lagos,Agbowa,H7488,5.67,Solar,Sunny,Medium,220.5,4.0
2025-02-18,Ogun,Sagamu,H4300,2.52,Solar,Sunny,Medium,183.7,1.6
2025-03-03,Oyo,Ogbomoso,H8165,9.94,Grid,Cloudy,Medium,178.2,5.8
2025-02-19,Ogun,Ayetoro,H6150,4.53,Solar,Sunny,Low,218.3,8.4
2025-01-08,Lagos,Agbowa,H9027,10.63,Grid,Rainy,Medium,219.2,1.8
2025-03-14,Ogun,Sagamu,H2069,2.36,Generator,Cloudy,Medium,213.2,2.2
2025-01-31,Oyo,Oyo Town,H7259,11.67,Grid,Rainy,Low,230.2,3.4
2025-02-28,Oyo,Ogbomoso,H1736,3.13,Generator,Sunny,Low,192.6,5.9
2025-01-02,Ogun,Ifo,H6437,3.82,Solar,Sunny,Low,187.8,1.8
2025-01-31,Oyo,Igboora,H5262,5.09,Grid,Sunny,Low,213.6,4.7
2025-01-04,Lagos,Epe,H1399,4.42,Grid,Cloudy,High,238.2,5.9
2025-02-17,Lagos,Ikorodu,H2512,1.88,Solar,Sunny,Medium,245.2,5.2
2025-03-23,Lagos,Epe,H7482,10.44,Grid,Cloudy,Low,185.3,3.6
2025-03-27,Ogun,Ayetoro,H7004,3.99,Grid,Rainy,Low,239.1,0.9
2025-03-16,Oyo,Oyo Town,H3025,2.93,Solar,Sunny,Low,206.5,1.3
2025-02-19,Oyo,Oyo Town,H6547,3.85,Solar,Sunny,Low,202.4,5.5
2025-03-13,Ogun,Sagamu,H5385,7.06,Grid,Sunny,Low,224.9,4.8
2025-01-22,Lagos,Ikorodu,H4496,3.38,Solar,Sunny,Medium,218.1,3.3
2025-03-18,Ogun,Ijebu,H2103,8.93,Grid,Sunny,Low,199.7,6.1
2025-03-02,Oyo,Iseyin,H2048,5.86,Solar,Sunny,Medium,228.6,1.7
2025-03-08,Oyo,Ogbomoso,H3174,6.01,Solar,Rainy,Low,181.8,5.0
2025-03-24,Ogun,Ijebu,H5231,10.89,Grid,Sunny,Medium,254.0,6.1
2025-01-09,Oyo,Iseyin,H2798,4.45,Solar,Sunny,Low,196.2,2.9
2025-01-27,Ogun,Ifo,H4338,4.28,Solar,Sunny,Low,223.1,5.4
2025-01-10,Ogun,Ifo,H5871,9.68,Grid,Cloudy,High,221.1,2.4
2025-03-05,Ogun,Ijebu,H2922,4.25,Solar,Cloudy,Medium,204.5,4.1
2025-03-20,Ogun,Ayetoro,H9626,3.26,Solar,Sunny,Medium,193.2,4.3
2025-03-30,Oyo,Oyo Town,H1876,2.13,Solar,Cloudy,Low,167.6,8.1
2025-01-09,Oyo,Igboora,H3270,10.28,Grid,Cloudy,High,201.7,4.4
2025-03-09,Lagos,Badagry,H5266,3.36,Grid,Sunny,Low,201.3,1.1
2025-03-01,Ogun,Ijebu,H3912,4.05,Generator,Cloudy,High,221.5,2.9
2025-02-18,Lagos,Ikorodu,H3062,11.98,Grid,Cloudy,Low,197.0,2.1
2025-03-29,Oyo,Iseyin,H8963,4.13,Generator,Sunny,Medium,224.7,6.1
2025-01-13,Oyo,Igboora,H5895,7.39,Solar,Sunny,Medium,212.5,5.7
2025-03-09,Oyo,Igboora,H7066,9.01,Grid,Sunny,High,201.6,3.9
2025-03-05,Oyo,Igboora,H9622,8.41,Grid,Sunny,High,220.2,0.1
2025-01-15,Ogun,Ijebu,H5445,6.78,Grid,Rainy,Low,242.4,1.8
2025-03-18,Oyo,Oyo Town,H3264,3.39,Solar,Cloudy,Low,222.0,2.3
2025-01-06,Lagos,Epe,H3932,10.91,Grid,Cloudy,High,179.4,0.0
2025-03-27,Lagos,Epe,H8360,4.45,Grid,Cloudy,High,238.5,3.5
2025-03-07,Lagos,Agbowa,H6141,1.46,Generator,Sunny,Medium,226.0,5.4
2025-03-14,Lagos,Epe,H5719,5.42,Grid,Cloudy,Medium,197.4,4.2
2025-03-13,Oyo,Iseyin,H8686,2.63,Solar,Cloudy,Low,238.0,4.6
2025-03-09,Oyo,Ogbomoso,H3298,10.19,Grid,Sunny,Medium,191.9,1.3
2025-01-28,Ogun,Ayetoro,H8719,5.91,Solar,Sunny,Low,238.8,7.7
2025-02-13,Oyo,Iseyin,H4013,3.61,Solar,Cloudy,Low,232.0,4.8
2025-03-07,Lagos,Epe,H4651,1.03,Generator,Cloudy,Low,221.5,6.6
2025-01-21,Lagos,Agbowa,H7546,6.51,Solar,Cloudy,Medium,205.8,5.5
2025-01-17,Lagos,Agbowa,H2216,1.7,Solar,Sunny,High,191.1,4.6
2025-01-08,Lagos,Agbowa,H7353,4.47,Solar,Sunny,Low,223.4,2.8
2025-01-12,Lagos,Agbowa,H4676,5.38,Solar,Rainy,Low,203.2,3.1
2025-01-19,Oyo,Igboora,H5445,3.36,Solar,Cloudy,Medium,171.6,1.6
2025-01-12,Lagos,Badagry,H5245,2.27,Generator,Sunny,Low,183.3,4.8
2025-02-15,Ogun,Ifo,H3040,1.02,Generator,Sunny,High,228.8,4.5
2025-03-30,Oyo,Oyo Town,H9307,11.46,Grid,Rainy,Medium,191.3,6.1
2025-01-05,Lagos,Badagry,H5478,3.44,Grid,Sunny,Low,211.4,2.2
2025-01-19,Lagos,Badagry,H9564,5.36,Solar,Sunny,Low,205.2,6.1
2025-03-17,Ogun,Ijebu,H1062,5.6,Solar,Sunny,Medium,187.2,5.5
2025-02-19,Ogun,Ijebu,H9703,7.69,Grid,Sunny,High,225.0,2.2
2025-03-30,Ogun,Ayetoro,H9127,5.62,Solar,Rainy,High,229.8,2.7
2025-01-18,Oyo,Igboora,H8871,5.83,Grid,Cloudy,High,194.2,7.9
2025-01-09,Ogun,Ijebu,H6468,11.36,Grid,Sunny,Medium,222.4,5.2
2025-02-16,Ogun,Sagamu,H2647,11.12,Grid,Sunny,Low,242.9,5.7
2025-02-20,Ogun,Ifo,H4161,5.75,Grid,Cloudy,Low,194.9,4.7
2025-01-13,Lagos,Epe,H8964,3.93,Solar,Sunny,Medium,197.1,4.4
2025-02-12,Ogun,Sagamu,H7076,10.2,Grid,Rainy,Low,232.0,1.5
2025-03-13,Oyo,Ogbomoso,H2908,4.48,Generator,Rainy,Medium,203.1,3.4
2025-01-10,Ogun,Ijebu,H6263,2.88,Grid,Cloudy,Low,191.5,7.6
2025-01-15,Ogun,Ijebu,H3782,4.81,Grid,Rainy,High,219.2,2.0
2025-01-31,Oyo,Oyo Town,H4711,2.73,Generator,Sunny,High,235.4,5.8
2025-03-10,Ogun,Sagamu,H5299,2.71,Grid,Sunny,Medium,225.9,0.0
2025-03-28,Lagos,Ikorodu,H1540,2.66,Generator,Sunny,High,223.4,6.6
2025-01-01,Ogun,Ijebu,H9923,3.65,Generator,Sunny,Medium,193.2,3.5
2025-03-03,Ogun,Ayetoro,H9690,4.36,Grid,Sunny,High,228.7,2.3
2025-03-13,Ogun,Ayetoro,H7995,11.6,Grid,Sunny,Low,243.8,3.0
2025-02-13,Ogun,Sagamu,H4672,7.87,Grid,Sunny,Low,237.9,0.0
2025-02-16,Lagos,Agbowa,H7722,6.43,Grid,Sunny,Medium,197.3,5.5
2025-02-22,Oyo,Ogbomoso,H7829,2.92,Solar,Cloudy,Low,236.9,4.9
2025-01-05,Oyo,Iseyin,H2450,8.69,Grid,Sunny,High,201.4,0.0
2025-03-17,Ogun,Ifo,H8058,11.96,Grid,Cloudy,Low,174.7,0.0
2025-02-15,Oyo,Ogbomoso,H8116,4.21,Solar,Rainy,High,227.7,7.2
2025-01-07,Oyo,Oyo Town,H3785,4.46,Grid,Sunny,Medium,210.0,5.3
2025-03-21,Ogun,Sagamu,H1044,3.21,Generator,Sunny,Medium,208.7,2.1
2025-01-06,Oyo,Iseyin,H1436,9.78,Grid,Cloudy,Medium,203.7,3.1
2025-02-20,Lagos,Badagry,H9791,6.19,Grid,Rainy,Medium,197.9,4.1
2025-02-16,Oyo,Igboora,H2820,3.43,Generator,Cloudy,Low,224.6,1.9
2025-03-23,Ogun,Ijebu,H5722,8.73,Grid,Cloudy,Medium,232.2,4.5
2025-03-22,Oyo,Igboora,H5714,11.88,Grid,Sunny,Low,244.4,2.6
2025-01-20,Oyo,Ogbomoso,H9010,3.19,Solar,Sunny,Low,186.1,3.0
2025-01-21,Ogun,Ijebu,H4205,5.42,Grid,Rainy,High,234.0,5.1
2025-01-30,Ogun,Ifo,H4813,8.16,Grid,Sunny,Medium,217.5,3.1
2025-03-16,Lagos,Ikorodu,H1502,10.11,Grid,Sunny,Medium,226.5,3.7
2025-01-18,Lagos,Agbowa,H8540,10.98,Grid,Cloudy,Medium,202.8,5.2
2025-01-21,Ogun,Ifo,H1358,7.21,Solar,Rainy,Low,262.8,6.4
2025-03-27,Oyo,Iseyin,H4875,1.77,Solar,Sunny,High,229.5,4.2
2025-02-10,Lagos,Epe,H7656,4.75,Solar,Cloudy,Low,213.4,0.0
2025-02-24,Oyo,Iseyin,H2916,9.65,Grid,Cloudy,Medium,191.2,3.9
2025-03-10,Ogun,Ayetoro,H1731,5.18,Solar,Sunny,High,199.2,4.1
2025-03-17,Oyo,Igboora,H6322,6.41,Solar,Sunny,High,215.0,4.8
2025-01-30,Oyo,Ogbomoso,H1107,7.47,Grid,Cloudy,Low,197.6,4.2
2025-02-14,Ogun,Sagamu,H9162,2.99,Grid,Rainy,High,210.3,3.2
2025-03-11,Ogun,Ifo,H7792,1.01,Generator,Sunny,Medium,185.1,6.6
2025-03-05,Ogun,Ijebu,H5488,2.91,Solar,Sunny,Medium,228.4,4.8
2025-03-21,Oyo,Oyo Town,H5600,3.27,Grid,Rainy,Medium,191.3,3.5
2025-03-08,Oyo,Oyo Town,H8475,4.54,Solar,Cloudy,Low,227.9,4.0
2025-03-12,Oyo,Oyo Town,H1794,4.46,Solar,Sunny,High,193.1,0.0
2025-03-01,Lagos,Badagry,H4511,3.5,Solar,Cloudy,Medium,270.1,3.4
2025-03-17,Ogun,Sagamu,H4146,5.34,Grid,Cloudy,Medium,209.7,3.2
2025-03-26,Lagos,Agbowa,H9060,2.8,Generator,Sunny,Low,224.7,0.1
2025-02-27,Ogun,Sagamu,H4855,7.29,Solar,Sunny,Medium,187.1,2.6
2025-01-11,Ogun,Ifo,H6468,4.06,Grid,Sunny,Medium,243.5,3.2
2025-01-29,Lagos,Badagry,H6753,9.42,Grid,Cloudy,Low,221.1,3.5
2025-03-15,Oyo,Iseyin,H3048,11.06,Grid,Cloudy,Low,211.8,3.6
2025-03-02,Ogun,Ifo,H9216,11.44,Grid,Sunny,Low,213.7,4.5
2025-01-12,Lagos,Agbowa,H4837,4.01,Generator,Sunny,Low,232.4,1.6
2025-02-19,Oyo,Ogbomoso,H8901,11.99,Grid,Sunny,Low,226.8,5.2
2025-03-27,Oyo,Iseyin,H7133,3.21,Solar,Sunny,Low,242.0,2.7
2025-03-18,Ogun,Ayetoro,H2437,2.11,Solar,Sunny,Low,228.7,3.7
2025-03-13,Lagos,Epe,H1280,3.67,Solar,Cloudy,Medium,203.8,5.0
2025-02-09,Lagos,Agbowa,H2459,7.18,Solar,Sunny,Medium,238.6,8.7
2025-02-27,Lagos,Ikorodu,H8071,2.32,Grid,Sunny,Low,232.4,5.9
2025-01-10,Oyo,Iseyin,H2836,5.01,Grid,Cloudy,Low,201.3,1.3
2025-01-06,Oyo,Oyo Town,H9282,11.87,Grid,Sunny,Medium,217.9,3.0
2025-01-26,Ogun,Ifo,H1142,7.27,Grid,Cloudy,Medium,190.1,4.5
2025-01-13,Lagos,Epe,H4258,4.1,Grid,Sunny,Medium,201.4,5.9
2025-03-30,Oyo,Oyo Town,H4366,8.43,Grid,Sunny,Medium,198.0,5.0
2025-02-27,Ogun,Ijebu,H8377,2.73,Grid,Cloudy,Low,199.6,7.2
2025-01-20,Lagos,Badagry,H2629,5.24,Generator,Cloudy,Low,198.6,1.6
2025-01-23,Ogun,Ijebu,H4367,3.23,Grid,Sunny,Medium,181.2,1.8
2025-01-01,Lagos,Epe,H6919,3.7,Solar,Cloudy,Low,194.5,3.3
2025-02-26,Ogun,Sagamu,H4203,3.7,Solar,Cloudy,Low,220.4,2.4
2025-01-03,Oyo,Oyo Town,H7984,5.9,Grid,Rainy,Medium,231.5,4.3
2025-03-25,Ogun,Ijebu,H9190,6.56,Solar,Sunny,Low,242.0,6.6
2025-01-30,Lagos,Badagry,H8148,0.97,Generator,Rainy,High,248.3,4.6
2025-03-27,Ogun,Ijebu,H7596,6.28,Solar,Cloudy,Low,206.0,4.5
2025-01-26,Oyo,Oyo Town,H4527,2.18,Grid,Sunny,Low,236.9,0.0
2025-01-09,Oyo,Ogbomoso,H6523,2.79,Solar,Cloudy,High,215.1,6.5
2025-02-05,Oyo,Igboora,H5301,3.69,Generator,Sunny,Low,226.7,3.6
2025-01-15,Ogun,Ifo,H5882,8.53,Grid,Sunny,Medium,200.2,1.3
2025-02-03,Oyo,Iseyin,H3542,4.88,Solar,Sunny,High,230.8,5.9
2025-03-02,Oyo,Oyo Town,H2985,6.32,Grid,Cloudy,High,214.0,5.0
2025-01-14,Lagos,Epe,H6436,5.2,Grid,Sunny,High,201.9,3.5
2025-01-03,Ogun,Sagamu,H4333,4.16,Solar,Sunny,Medium,245.6,3.8
2025-03-05,Oyo,Igboora,H6458,5.67,Grid,Sunny,Low,242.6,4.2
2025-02-07,Oyo,Igboora,H4990,4.69,Grid,Sunny,Medium,220.7,3.7
2025-03-28,Oyo,Igboora,H1621,1.68,Solar,Cloudy,Medium,218.9,8.8
2025-01-14,Ogun,Ayetoro,H6774,2.66,Solar,Sunny,Low,212.7,5.1
2025-01-11,Lagos,Agbowa,H3029,9.17,Grid,Sunny,Low,229.2,10.2
2025-03-09,Lagos,Badagry,H2198,3.9,Grid,Cloudy,Low,179.1,3.3
2025-01-08,Ogun,Ayetoro,H7532,10.25,Grid,Cloudy,Medium,200.3,3.7
2025-01-10,Ogun,Ayetoro,H7682,9.1,Grid,Rainy,Medium,215.2,3.5
2025-03-13,Oyo,Iseyin,H2523,11.68,Grid,Cloudy,High,172.9,8.1
2025-03-28,Lagos,Ikorodu,H3274,2.83,Generator,Cloudy,Low,211.3,0.8
2025-01-27,Oyo,Igboora,H5314,3.64,Grid,Cloudy,Low,240.8,4.0
2025-02-25,Ogun,Ijebu,H7045,6.97,Solar,Sunny,High,229.6,5.1
2025-01-11,Ogun,Ayetoro,H4268,3.15,Generator,Rainy,Medium,258.7,2.6
2025-01-02,Oyo,Igboora,H1718,4.89,Solar,Cloudy,Low,211.6,2.4
2025-01-20,Oyo,Ogbomoso,H3425,3.17,Solar,Cloudy,High,173.5,4.0
2025-01-19,Lagos,Agbowa,H5265,10.82,Grid,Rainy,Medium,221.8,3.5
2025-01-05,Oyo,Igboora,H1409,5.15,Grid,Rainy,Low,229.2,4.0
2025-01-01,Lagos,Ikorodu,H3009,5.96,Grid,Sunny,High,208.3,1.3
2025-01-14,Oyo,Iseyin,H7909,7.05,Grid,Rainy,Medium,214.6,4.6
2025-03-13,Oyo,Igboora,H8220,3.57,Grid,Sunny,Medium,227.2,0.9
2025-03-30,Oyo,Oyo Town,H8925,4.59,Solar,Rainy,High,221.7,7.0
2025-01-11,Lagos,Badagry,H1381,4.68,Solar,Sunny,Low,234.1,8.6
2025-01-24,Oyo,Iseyin,H6322,3.26,Generator,Sunny,Low,178.6,2.6
2025-01-20,Oyo,Oyo Town,H6430,2.53,Generator,Sunny,Medium,212.7,3.3
2025-01-22,Oyo,Ogbomoso,H8563,4.68,Grid,Cloudy,High,199.7,4.1
2025-02-10,Lagos,Agbowa,H8480,4.62,Generator,Cloudy,Medium,220.0,4.2
2025-03-05,Oyo,Igboora,H7570,2.2,Solar,Rainy,Medium,193.5,4.2
2025-01-22,Oyo,Ogbomoso,H8402,1.56,Solar,Sunny,Medium,214.2,1.2
2025-01-12,Ogun,Ayetoro,H1971,4.07,Generator,Sunny,Medium,183.4,5.6
2025-03-18,Lagos,Ikorodu,H9278,3.31,Grid,Sunny,High,209.8,3.9
2025-03-08,Ogun,Ayetoro,H7520,2.8,Grid,Cloudy,Low,209.5,4.0
2025-01-26,Lagos,Badagry,H2394,11.15,Grid,Cloudy,Medium,223.7,5.7
2025-01-18,Ogun,Sagamu,H8895,9.99,Grid,Cloudy,High,183.4,4.1
2025-02-04,Oyo,Oyo Town,H2523,2.43,Solar,Cloudy,High,201.2,2.7
2025-03-05,Ogun,Ayetoro,H7759,7.49,Solar,Sunny,Low,235.7,3.2
2025-01-13,Oyo,Igboora,H8515,1.55,Solar,Rainy,High,212.5,3.6
2025-02-10,Ogun,Ayetoro,H3624,5.14,Solar,Rainy,Medium,225.4,2.9
2025-02-25,Oyo,Ogbomoso,H9695,0.93,Generator,Sunny,Medium,217.7,9.8
2025-02-07,Lagos,Ikorodu,H9106,7.22,Grid,Sunny,Low,213.2,4.0
2025-03-20,Ogun,Ayetoro,H4276,1.82,Solar,Cloudy,Low,199.7,1.7
2025-02-27,Ogun,Ayetoro,H3694,5.56,Grid,Cloudy,Low,226.0,7.6
2025-03-06,Oyo,Ogbomoso,H5545,2.06,Grid,Sunny,Medium,219.4,3.1
2025-01-12,Ogun,Sagamu,H5918,3.34,Generator,Sunny,Low,207.6,4.4
2025-01-22,Oyo,Oyo Town,H2139,1.79,Solar,Sunny,Medium,226.1,2.8
2025-01-21,Lagos,Ikorodu,H5135,10.54,Grid,Sunny,Low,198.1,5.9
2025-02-17,Lagos,Agbowa,H3959,7.82,Grid,Sunny,High,262.6,5.7
2025-03-02,Ogun,Sagamu,H2609,3.17,Grid,Cloudy,Medium,217.1,1.8
2025-02-21,Oyo,Igboora,H3015,4.32,Generator,Sunny,High,220.8,3.0
2025-02-26,Oyo,Igboora,H4902,9.25,Grid,Sunny,Medium,210.5,2.1
2025-03-07,Lagos,Agbowa,H7327,3.72,Grid,Sunny,High,227.0,5.9
2025-02-14,Oyo,Oyo Town,H5512,2.33,Solar,Cloudy,Medium,221.2,8.1
2025-02-22,Ogun,Ayetoro,H5100,5.02,Solar,Sunny,High,213.0,2.3
2025-02-11,Ogun,Sagamu,H7960,6.87,Solar,Cloudy,Medium,203.0,0.9
2025-02-24,Ogun,Sagamu,H6596,4.79,Generator,Rainy,Medium,195.7,2.9
2025-03-10,Lagos,Agbowa,H6412,5.21,Grid,Sunny,Low,206.8,2.5
2025-03-16,Lagos,Epe,H7904,5.98,Solar,Sunny,Low,220.4,4.8
2025-02-13,Ogun,Ayetoro,H6405,3.3,Grid,Cloudy,Low,236.8,2.9
2025-01-08,Ogun,Ijebu,H3036,10.59,Grid,Sunny,Low,188.3,5.4
2025-03-12,Oyo,Oyo Town,H1792,2.9,Solar,Sunny,Medium,206.8,5.6
2025-01-12,Ogun,Ifo,H7464,3.61,Solar,Sunny,Low,199.5,4.2
2025-02-17,Lagos,Ikorodu,H8126,6.32,Solar,Sunny,Medium,247.4,4.8
2025-02-16,Lagos,Ikorodu,H1527,3.27,Solar,Sunny,High,246.5,4.9
2025-01-01,Ogun,Sagamu,H9691,10.18,Grid,Sunny,Medium,216.6,5.5
2025-02-12,Ogun,Ijebu,H2396,2.89,Solar,Rainy,Low,232.2,5.1
2025-02-12,Oyo,Ogbomoso,H8854,2.69,Generator,Sunny,Low,199.8,2.0
2025-01-18,Oyo,Igboora,H7874,4.07,Solar,Sunny,High,198.9,4.4
2025-01-08,Oyo,Igboora,H4403,10.07,Grid,Sunny,High,184.8,3.6
2025-03-25,Ogun,Ayetoro,H1391,3.32,Generator,Sunny,Low,236.7,4.4
2025-03-31,Lagos,Badagry,H6383,2.74,Grid,Rainy,Medium,224.5,0.5
2025-03-23,Oyo,Ogbomoso,H9179,6.5,Grid,Sunny,Low,220.1,6.4
2025-02-09,Ogun,Ifo,H3451,1.3,Generator,Sunny,Low,204.7,2.4
2025-01-29,Lagos,Epe,H6978,2.89,Solar,Rainy,High,208.1,5.5
2025-01-21,Lagos,Badagry,H6384,3.65,Grid,Rainy,Medium,181.0,2.9
2025-01-14,Ogun,Ayetoro,H9138,1.83,Solar,Sunny,High,209.5,0.0
2025-01-29,Lagos,Agbowa,H6049,6.75,Solar,Sunny,Medium,218.4,6.3
2025-02-12,Lagos,Badagry,H2194,3.4,Solar,Sunny,Low,178.9,3.5
2025-01-03,Oyo,Ogbomoso,H7005,3.13,Generator,Sunny,Low,211.2,1.0
2025-01-10,Lagos,Ikorodu,H8663,6.26,Grid,Cloudy,Medium,190.2,1.7
2025-02-27,Oyo,Oyo Town,H2234,6.27,Solar,Sunny,Low,193.1,3.9
2025-02-25,Lagos,Agbowa,H4321,9.1,Grid,Rainy,High,266.4,0.0
2025-01-03,Ogun,Ifo,H3799,4.56,Generator,Rainy,Low,203.3,2.8
2025-03-12,Oyo,Igboora,H6414,2.03,Solar,Sunny,High,231.8,4.0
2025-02-16,Lagos,Agbowa,H6236,3.6,Generator,Sunny,Low,188.4,0.0
2025-02-28,Oyo,Ogbomoso,H1194,7.09,Solar,Sunny,Low,217.1,4.3
2025-02-08,Lagos,Agbowa,H6528,4.75,Grid,Sunny,Medium,219.8,5.5
2025-01-30,Ogun,Ayetoro,H4518,2.78,Grid,Rainy,High,177.1,4.6
2025-03-25,Oyo,Igboora,H5997,11.58,Grid,Sunny,Medium,198.0,4.0
2025-01-24,Ogun,Sagamu,H6821,4.11,Solar,Sunny,High,204.5,3.0
2025-01-20,Oyo,Ogbomoso,H5438,2.74,Solar,Sunny,Medium,207.4,0.0
2025-01-29,Ogun,Ifo,H4326,2.29,Generator,Rainy,Low,215.7,1.6
2025-02-01,Ogun,Sagamu,H3884,5.84,Grid,Rainy,High,234.3,4.0
2025-02-25,Lagos,Ikorodu,H6763,4.03,Solar,Sunny,Low,201.3,2.8
2025-03-06,Ogun,Ijebu,H7970,2.52,Grid,Cloudy,Low,228.8,2.8
2025-03-04,Lagos,Epe,H5080,5.39,Generator,Sunny,Medium,203.0,2.7
2025-03-02,Lagos,Ikorodu,H4889,11.11,Grid,Sunny,Low,188.0,7.5
2025-03-27,Oyo,Iseyin,H2425,3.33,Generator,Sunny,Low,206.2,4.2
2025-02-16,Lagos,Ikorodu,H8857,8.38,Grid,Cloudy,Medium,202.4,3.4
2025-02-06,Ogun,Sagamu,H6509,6.75,Grid,Sunny,High,236.8,2.5
2025-01-02,Oyo,Iseyin,H9527,10.67,Grid,Sunny,High,208.5,4.2
2025-01-20,Lagos,Ikorodu,H4207,2.87,Solar,Cloudy,Low,211.6,7.3
2025-01-03,Lagos,Ikorodu,H5404,5.6,Grid,Sunny,High,254.2,4.9
2025-01-17,Lagos,Agbowa,H7432,3.9,Solar,Rainy,Medium,217.7,4.9
2025-01-11,Oyo,Ogbomoso,H9619,5.62,Grid,Sunny,High,207.4,8.2
2025-01-01,Oyo,Oyo Town,H6107,6.13,Grid,Cloudy,Low,171.1,7.2
2025-02-03,Oyo,Igboora,H2929,1.73,Solar,Cloudy,Medium,218.3,1.2
2025-01-27,Ogun,Ifo,H1898,2.02,Generator,Cloudy,High,194.0,0.0
2025-03-23,Oyo,Oyo Town,H2532,4.41,Grid,Sunny,High,210.5,3.7
2025-01-14,Lagos,Badagry,H8308,5.06,Generator,Cloudy,Medium,238.9,1.0
2025-01-30,Lagos,Epe,H2351,9.67,Grid,Sunny,High,190.2,1.0
2025-02-23,Oyo,Oyo Town,H7000,2.75,Solar,Sunny,Low,230.1,2.8
2025-03-29,Lagos,Epe,H1386,10.66,Grid,Sunny,Medium,211.4,3.8
2025-02-08,Lagos,Epe,H2566,10.17,Grid,Cloudy,Medium,211.8,9.0
2025-01-06,Oyo,Igboora,H9452,3.52,Grid,Rainy,Low,190.4,5.9
2025-01-01,Ogun,Sagamu,H6292,6.52,Solar,Cloudy,Medium,207.7,0.7
2025-01-17,Oyo,Ogbomoso,H1444,3.87,Solar,Cloudy,Medium,195.5,4.8
2025-02-23,Oyo,Ogbomoso,H5099,0.6,Generator,Sunny,Medium,213.7,1.1
2025-02-24,Oyo,Igboora,H3228,2.92,Generator,Sunny,High,194.1,3.9
2025-02-16,Ogun,Ijebu,H1308,6.96,Solar,Sunny,High,215.6,5.4
2025-03-31,Lagos,Badagry,H6965,5.11,Solar,Cloudy,Low,214.9,2.9
2025-02-15,Oyo,Iseyin,H5342,6.32,Grid,Sunny,Low,201.6,4.4
2025-01-13,Oyo,Ogbomoso,H9289,5.32,Solar,Sunny,Medium,247.9,4.8
2025-01-08,Lagos,Epe,H6112,6.84,Grid,Cloudy,Medium,238.7,7.1
2025-03-10,Lagos,Ikorodu,H6813,11.23,Grid,Sunny,Low,199.9,4.8
2025-02-07,Lagos,Ikorodu,H3642,2.44,Grid,Cloudy,High,223.2,3.4
2025-01-11,Oyo,Igboora,H6266,8.13,Grid,Sunny,High,211.2,3.8
2025-02-22,Ogun,Sagamu,H3490,6.16,Grid,Sunny,High,223.4,4.4
2025-02-01,Ogun,Ijebu,H1902,11.08,Grid,Sunny,Medium,228.2,7.5
2025-03-29,Lagos,Epe,H9454,4.9,Generator,Sunny,Medium,204.8,0.0
2025-03-02,Oyo,Oyo Town,H7688,11.45,Grid,Sunny,Low,208.6,0.4
2025-02-19,Lagos,Ikorodu,H9886,5.93,Solar,Sunny,Medium,221.6,5.9
2025-02-18,Oyo,Igboora,H8945,2.3,Solar,Sunny,High,200.2,5.7
2025-03-30,Oyo,Oyo Town,H5587,1.6,Generator,Cloudy,Medium,256.7,2.0
2025-03-13,Oyo,Igboora,H8373,6.84,Solar,Sunny,High,230.7,2.9
2025-03-14,Oyo,Iseyin,H6528,4.99,Solar,Sunny,Low,202.8,7.1
2025-02-13,Lagos,Agbowa,H2752,1.81,Solar,Cloudy,Medium,212.4,6.3
2025-02-26,Oyo,Iseyin,H6892,10.87,Grid,Sunny,Medium,242.6,2.7
2025-01-08,Ogun,Ijebu,H9900,9.7,Grid,Sunny,High,215.1,1.0
2025-03-01,Oyo,Iseyin,H6058,9.71,Grid,Sunny,Medium,180.4,6.7
2025-03-21,Lagos,Agbowa,H8682,4.42,Solar,Cloudy,Medium,188.6,4.0
2025-03-12,Ogun,Ayetoro,H8059,6.1,Solar,Sunny,Low,196.0,3.3
2025-03-06,Ogun,Ifo,H8076,2.6,Solar,Sunny,High,203.7,1.0
2025-02-06,Lagos,Epe,H1354,3.71,Grid,Cloudy,Medium,216.4,0.5
2025-02-24,Lagos,Badagry,H4245,9.15,Grid,Cloudy,Medium,207.0,2.5
2025-01-24,Oyo,Ogbomoso,H2784,1.05,Generator,Rainy,High,212.9,5.2
2025-03-01,Lagos,Epe,H2402,7.44,Grid,Sunny,Low,208.1,0.0
