title,placeUrl,website,status,subtitle,rating,reviewCount,category,address,phoneNumber,searchQuery
Awoyaya Bus Stop,https://www.google.com/maps/place/Awoyaya+Bus+Stop/data=!4m7!3m6!1s0x103bfe7afa404753:0x6e52d65172bb4161!8m2!3d6.4709601!4d3.7106484!16s%2Fg%2F1thrg1wz!19sChIJU0dA-nr-OxARYUG7clHWUm4,,No website found,,3.5,14,Bus stop,"105101, Lekki, Lagos, Nigeria",,"https://www.google.com/maps/search/bus+stop+in+Ibeju+Lekki/@6.4220638,3.1983139,10z/data=!3m1!4b1?entry=ttu"
Atunrase Bus Stop,https://www.google.com/maps/place/Atunrase+Bus+Stop/data=!4m7!3m6!1s0x103953e4b9866869:0x7492546958e0c50f!8m2!3d6.4722258!4d3.8357599!16s%2Fg%2F11btx0j060!19sChIJaWiGueRTORARD8XgWGlUknQ,,No website found,,3.0,2,Bus stop,"Atunrase Estate 105101, Lekki, Lagos, Nigeria",,"https://www.google.com/maps/search/bus+stop+in+Ibeju+Lekki/@6.4220638,3.1983139,10z/data=!3m1!4b1?entry=ttu"
Ologunfe Bus Stop,https://www.google.com/maps/place/Ologunfe+Bus+Stop/data=!4m7!3m6!1s0x103bffe113b34ffd:0xc77b4231ec2550ec!8m2!3d6.4682819!4d3.7030326!16s%2Fg%2F11h75zwf81!19sChIJ_U-zE-H_OxAR7FAl7DFCe8c,,No website found,,3.6,308,Transportation service,"FP93+867, Alh. Kamaldeen Oritola Dr, 105101, Lekki, Lagos, Nigeria",,"https://www.google.com/maps/search/bus+stop+in+Ibeju+Lekki/@6.4220638,3.1983139,10z/data=!3m1!4b1?entry=ttu"
Onosa Bus Stop Ibeju Lekki Lagos,https://www.google.com/maps/place/Onosa+Bus+Stop+Ibeju+Lekki+Lagos/data=!4m7!3m6!1s0x10395528ba909999:0xbb85dd1542d93bbc!8m2!3d6.4712695!4d3.8006049!16s%2Fg%2F11fpqq2bqz!19sChIJmZmQuihVORARvDvZQhXdhbs,,No website found,,3.6,392,Hair extensions supplier,"Onosa Bus Stop, 2 Taoreed Cl, 105101, Lagos, Nigeria",+234 817 721 5720,"https://www.google.com/maps/search/bus+stop+in+Ibeju+Lekki/@6.4220638,3.1983139,10z/data=!3m1!4b1?entry=ttu"
Bogije,https://www.google.com/maps/place/Bogije/data=!4m7!3m6!1s0x103955e3c92082dd:0x1e332278af16f499!8m2!3d6.475981!4d3.757726!16s%2Fg%2F11h84r8nvl!19sChIJ3YIgyeNVORARmfQWr3giMx4,,No website found,,3.9,19,Bus station,"105101, Gbogije-Ibeju, Lagos, Nigeria",,"https://www.google.com/maps/search/bus+stop+in+Ibeju+Lekki/@6.4220638,3.1983139,10z/data=!3m1!4b1?entry=ttu"
Shapati,https://www.google.com/maps/place/Shapati/data=!4m7!3m6!1s0x103955d3f96747c3:0xfae4e4eb6161b648!8m2!3d6.47335!4d3.77947!16s%2Fg%2F11fp8k_w5c!19sChIJw0dn-dNVORARSLZhYevk5Po,,No website found,,3.8,16,Bus station,"105101, Gbogije-Ibeju, Lagos, Nigeria",,"https://www.google.com/maps/search/bus+stop+in+Ibeju+Lekki/@6.4220638,3.1983139,10z/data=!3m1!4b1?entry=ttu"
Eputu Bus Station,https://www.google.com/maps/place/Eputu+Bus+Station/data=!4m7!3m6!1s0x103bfe73a3d966c9:0xb1e32ce513fb32a3!8m2!3d6.4726071!4d3.7203205!16s%2Fg%2F1tff055h!19sChIJyWbZo3P-OxARozL7E-Us47E,,No website found,,3.6,5,Bus stop,"105101, Eputu Town, Lagos, Nigeria",,"https://www.google.com/maps/search/bus+stop+in+Ibeju+Lekki/@6.4220638,3.1983139,10z/data=!3m1!4b1?entry=ttu"
Eleko,https://www.google.com/maps/place/Eleko/data=!4m7!3m6!1s0x103953e0ed38fddd:0x947d1abd5cc112b9!8m2!3d6.47508!4d3.84385!16s%2Fg%2F11j0j2t411!19sChIJ3f047eBTORARuRLBXL0afZQ,,No website found,,3.0,1,Bus station,"105101, Lekki, Lagos, Nigeria",,"https://www.google.com/maps/search/bus+stop+in+Ibeju+Lekki/@6.4220638,3.1983139,10z/data=!3m1!4b1?entry=ttu"
Container,https://www.google.com/maps/place/Container/data=!4m7!3m6!1s0x103bfe7d2c80616d:0x8f18f4c9d6e42f33!8m2!3d6.469046!4d3.705111!16s%2Fg%2F11fp8l2pnw!19sChIJbWGALH3-OxARMy_k1sn0GI8,,No website found,,,,Bus station,"105101, Awoyaya, Lagos, Nigeria",,"https://www.google.com/maps/search/bus+stop+in+Ibeju+Lekki/@6.4220638,3.1983139,10z/data=!3m1!4b1?entry=ttu"
Aiyeteju,https://www.google.com/maps/place/Aiyeteju/data=!4m7!3m6!1s0x1039541b321d51ed:0xff2bac0039b1e0f6!8m2!3d6.471448!4d3.814337!16s%2Fg%2F11fp8kwxqn!19sChIJ7VEdMhtUORAR9uCxOQCsK_8,,No website found,,4.2,5,Bus station,"105101, Efiran, Lagos, Nigeria",,"https://www.google.com/maps/search/bus+stop+in+Ibeju+Lekki/@6.4220638,3.1983139,10z/data=!3m1!4b1?entry=ttu"
Abijo Bus stop,https://www.google.com/maps/place/Abijo+Bus+stop/data=!4m7!3m6!1s0x103bffe65ab31c77:0x1ec20b1e6226874a!8m2!3d6.4660852!4d3.6661288!16s%2Fg%2F11mqwlcq2g!19sChIJdxyzWub_OxARSocmYh4Lwh4,,No website found,,3.6,469,Transportation service,"Alh. Tolani Bakare St, Eti-Osa 105101, Lagos, Nigeria",+234 916 099 9960,"https://www.google.com/maps/search/bus+stop+in+Ibeju+Lekki/@6.4220638,3.1983139,10z/data=!3m1!4b1?entry=ttu"
Maletalafia,https://www.google.com/maps/place/Maletalafia/data=!4m7!3m6!1s0x103955dee55b04c1:0xa6ee4fa905cafd5b!8m2!3d6.475779!4d3.767052!16s%2Fg%2F11j0j2qcqx!19sChIJwQRb5d5VORARW_3KBalP7qY,,No website found,,,,Bus station,"105101, Gbogije-Ibeju, Lagos, Nigeria",,"https://www.google.com/maps/search/bus+stop+in+Ibeju+Lekki/@6.4220638,3.1983139,10z/data=!3m1!4b1?entry=ttu"
Baba Adisa,https://www.google.com/maps/place/Baba+Adisa/data=!4m7!3m6!1s0x103953f89ce12f2b:0xaf506353442d4f8d!8m2!3d6.47142!4d3.825001!16s%2Fg%2F11fp8kxc83!19sChIJKy_hnPhTORARjU8tRFNjUK8,,No website found,,3.4,11,Bus station,"105101, Eluju, Lagos, Nigeria",,"https://www.google.com/maps/search/bus+stop+in+Ibeju+Lekki/@6.4220638,3.1983139,10z/data=!3m1!4b1?entry=ttu"
Igando,https://www.google.com/maps/place/Igando/data=!4m7!3m6!1s0x1039541bafb9b76d:0xb35e88207b150534!8m2!3d6.471307!4d3.811566!16s%2Fg%2F11fp8l6c45!19sChIJbbe5rxtUORARNAUVeyCIXrM,,No website found,,3.0,2,Bus station,"105101, Lekki, Lagos, Nigeria",,"https://www.google.com/maps/search/bus+stop+in+Ibeju+Lekki/@6.4220638,3.1983139,10z/data=!3m1!4b1?entry=ttu"
Crown Estate,https://www.google.com/maps/place/Crown+Estate/data=!4m7!3m6!1s0x103bf95b513a65eb:0xbb6ae2a7919841c2!8m2!3d6.469743!4d3.647476!16s%2Fg%2F11fp8kxqx4!19sChIJ62U6UVv5OxARwkGYkafiars,,No website found,,1.0,1,Bus station,"Eti-Osa 106104, Lekki, Lagos, Nigeria",,"https://www.google.com/maps/search/bus+stop+in+Ibeju+Lekki/@6.4220638,3.1983139,10z/data=!3m1!4b1?entry=ttu"
Lakowe,https://www.google.com/maps/place/Lakowe/data=!4m7!3m6!1s0x103bfe018d43ee79:0xe64e69a98f756974!8m2!3d6.47454!4d3.742177!16s%2Fg%2F11j0j2x6_0!19sChIJee5DjQH-OxARdGl1j6lpTuY,,No website found,,,,Bus station,"105101, Awoyaya, Lagos, Nigeria",,"https://www.google.com/maps/search/bus+stop+in+Ibeju+Lekki/@6.4220638,3.1983139,10z/data=!3m1!4b1?entry=ttu"
Awoyaya,https://www.google.com/maps/place/Awoyaya/data=!4m7!3m6!1s0x103bfe7ae2ab091b:0xd2188923308abca1!8m2!3d6.47083!4d3.710525!16s%2Fg%2F11j0j2y1l1!19sChIJGwmr4nr-OxARobyKMCOJGNI,,No website found,,,,Bus station,"105101, Awoyaya, Lagos, Nigeria",,"https://www.google.com/maps/search/bus+stop+in+Ibeju+Lekki/@6.4220638,3.1983139,10z/data=!3m1!4b1?entry=ttu"
Oribanwa,https://www.google.com/maps/place/Oribanwa/data=!4m7!3m6!1s0x103bfe0c8a2b3ae7:0x563b027ab24f37ec!8m2!3d6.473044!4d3.725583!16s%2Fg%2F11fp8l2t07!19sChIJ5zorigz-OxAR7DdPsnoCO1Y,,No website found,,4.2,9,Bus station,"105101, Awoyaya, Lagos, Nigeria",,"https://www.google.com/maps/search/bus+stop+in+Ibeju+Lekki/@6.4220638,3.1983139,10z/data=!3m1!4b1?entry=ttu"
Owode Bus Stop,https://www.google.com/maps/place/Owode+Bus+Stop/data=!4m7!3m6!1s0x103bfa753fd11f17:0x231e4f63a072574c!8m2!3d6.5029911!4d3.5826641!16s%2Fg%2F1ydp2z5s3!19sChIJFx_RP3X6OxARTFdyoGNPHiM,,No website found,,4.1,14,Bus stop,"Langbasa Rd, Eti-Osa 106104, Lekki, Lagos, Nigeria",,"https://www.google.com/maps/search/bus+stop+in+Ibeju+Lekki/@6.4220638,3.1983139,10z/data=!3m1!4b1?entry=ttu"
Elerangbe Bus Stop,https://www.google.com/maps/place/Elerangbe+Bus+Stop/data=!4m7!3m6!1s0x103951ca2fe3131f:0x48cdfb5c91cf6715!8m2!3d6.520777!4d3.8903913!16s%2Fg%2F11nwbc57yl!19sChIJHxPjL8pRORARFWfPkVz7zUg,,No website found,,4.2,32,Housing society,"Elerangbe Rd, 105101, Lekki, Lagos, Nigeria",,"https://www.google.com/maps/search/bus+stop+in+Ibeju+Lekki/@6.4220638,3.1983139,10z/data=!3m1!4b1?entry=ttu"
Abijo,https://www.google.com/maps/place/Abijo/data=!4m7!3m6!1s0x103bfeb9f22fc273:0xde75d73333ba3240!8m2!3d6.463258!4d3.673452!16s%2Fg%2F11j0j2wjn3!19sChIJc8Iv8rn-OxARQDK6MzPXdd4,,No website found,,4.0,3,Bus station,"105101, Lekki, Lagos, Nigeria",,"https://www.google.com/maps/search/bus+stop+in+Ibeju+Lekki/@6.4220638,3.1983139,10z/data=!3m1!4b1?entry=ttu"
PRIMA ELECTRONIC,https://www.google.com/maps/place/PRIMA+ELECTRONIC/data=!4m7!3m6!1s0x103954259837fbdd:0x8cf8bfea182d1511!8m2!3d6.471464!4d3.795466!16s%2Fg%2F11j0j2tzt1!19sChIJ3fs3mCVUORARERUtGOq_-Iw,,No website found,,5.0,1,Bus station,"Km 47 Lekki - Epe Expy, Eti-Osa 101222, Sangotedo, Lagos, Nigeria",,"https://www.google.com/maps/search/bus+stop+in+Ibeju+Lekki/@6.4220638,3.1983139,10z/data=!3m1!4b1?entry=ttu"
Shapati bus stop,https://www.google.com/maps/place/Shapati+bus+stop/data=!4m7!3m6!1s0x1039551f46af730f:0x46760ff26861ef9!8m2!3d6.4727215!4d3.7806417!16s%2Fg%2F11td0qp6sl!19sChIJD3OvRh9VORAR-R6GJv9gZwQ,,No website found,,3.5,20,Association or organization,"FQFJ+74R, Lekki - Epe Expy, 105101, Lekki, Lagos, Nigeria",+234 706 224 7639,"https://www.google.com/maps/search/bus+stop+in+Ibeju+Lekki/@6.4220638,3.1983139,10z/data=!3m1!4b1?entry=ttu"
Lakowe,https://www.google.com/maps/place/Lakowe/data=!4m7!3m6!1s0x103bfe01ed4fc7c9:0xcf9decbaacb2d6b0!8m2!3d6.474644!4d3.742272!16s%2Fg%2F11hf00v7fg!19sChIJycdP7QH-OxARsNayrLrsnc8,,No website found,,3.6,10,Bus station,"105101, Gbogije-Ibeju, Lagos, Nigeria",,"https://www.google.com/maps/search/bus+stop+in+Ibeju+Lekki/@6.4220638,3.1983139,10z/data=!3m1!4b1?entry=ttu"
Ajah,https://www.google.com/maps/place/Ajah/data=!4m7!3m6!1s0x103bf7467369103d:0x622cd4c7cb2f51ee!8m2!3d6.4686055!4d3.5656496!16s%2Fg%2F1tlv40lj!19sChIJPRBpc0b3OxAR7lEvy8fULGI,,No website found,,3.9,180,Bus stop,"Aja 106104, Lekki, Eti-Osa, Nigeria",,"https://www.google.com/maps/search/bus+stop+in+Ibeju+Lekki/@6.4220638,3.1983139,10z/data=!3m1!4b1?entry=ttu"
Kings Guard Bus Stop,https://www.google.com/maps/place/Kings+Guard+Bus+Stop/data=!4m7!3m6!1s0x103bf6f79ee6c0d7:0x48d531d56fe092c0!8m2!3d6.4406354!4d3.5295939!16s%2Fg%2F1hhvmzkxh!19sChIJ18Dmnvf2OxARwJLgb9Ux1Ug,,No website found,,3.0,2,Bus stop,"Lekki-Epe Expressway, Eti-Osa 106104, Lekki, Lagos, Nigeria",,"https://www.google.com/maps/search/bus+stop+in+Ibeju+Lekki/@6.4220638,3.1983139,10z/data=!3m1!4b1?entry=ttu"
Abraham Adesanya Bus Stop,https://www.google.com/maps/place/Abraham+Adesanya+Bus+Stop/data=!4m7!3m6!1s0x103bf96c55fdf2f5:0xce05bcf898ea6121!8m2!3d6.4694152!4d3.5846184!16s%2Fg%2F11rgqp82p3!19sChIJ9fL9VWz5OxARIWHqmPi8Bc4,,No website found,,4.0,1024,Bus and coach company,"Aja 106104, Lekki, Lagos, Nigeria",+234 806 463 0072,"https://www.google.com/maps/search/bus+stop+in+Ibeju+Lekki/@6.4220638,3.1983139,10z/data=!3m1!4b1?entry=ttu"
7th Roundabout Lekki Bus Stop,https://www.google.com/maps/place/7th+Roundabout+Lekki+Bus+Stop/data=!4m7!3m6!1s0x103bf6f9d66bd749:0x4506625774258a60!8m2!3d6.4412644!4d3.5307741!16s%2Fg%2F1hc7bkm6n!19sChIJSddr1vn2OxARYIoldFdiBkU,,No website found,,4.4,7,Bus stop,"Eti-Osa 106104, Lekki, Lagos, Nigeria",,"https://www.google.com/maps/search/bus+stop+in+Ibeju+Lekki/@6.4220638,3.1983139,10z/data=!3m1!4b1?entry=ttu"
Ikota Bus Stop,https://www.google.com/maps/place/Ikota+Bus+Stop/data=!4m7!3m6!1s0x103bf71172133057:0x194e03f684be2573!8m2!3d6.4519414!4d3.5549408!16s%2Fg%2F1hhxhl7nj!19sChIJVzATchH3OxARcyW-hPYDThk,,No website found,,3.4,11,Bus stop,"Aja 106104, Lekki, Lagos, Nigeria",,"https://www.google.com/maps/search/bus+stop+in+Ibeju+Lekki/@6.4220638,3.1983139,10z/data=!3m1!4b1?entry=ttu"
5th Roundabout Lekki Bus Stop,https://www.google.com/maps/place/5th+Roundabout+Lekki+Bus+Stop/data=!4m7!3m6!1s0x103bf67d0a2b49cf:0xaf6363f59104d26c!8m2!3d6.4367121!4d3.5080826!16s%2Fg%2F1hc4df6rc!19sChIJz0krCn32OxARbNIEkfVjY68,,No website found,,4.1,18,Bus stop,"Eti-Osa 106104, Lekki, Lagos, Nigeria",,"https://www.google.com/maps/search/bus+stop+in+Ibeju+Lekki/@6.4220638,3.1983139,10z/data=!3m1!4b1?entry=ttu"
Igbo Efon bus stop,https://www.google.com/maps/place/Igbo+Efon+bus+stop/data=!4m7!3m6!1s0x103bf79c0b28c5bb:0x3caf12d4fd2e2728!8m2!3d6.4388819!4d3.5211119!16s%2Fg%2F11p1520z4j!19sChIJu8UoC5z3OxARKCcu_dQSrzw,,No website found,,4.1,64,Parking lot,"CGQC+HC5, Lekki - Epe Express Road, Lekki Penninsula II 106104, Lekki, Nigeria",+234 818 414 3521,"https://www.google.com/maps/search/bus+stop+in+Ibeju+Lekki/@6.4220638,3.1983139,10z/data=!3m1!4b1?entry=ttu"
New Road Bus Stop (Alpha Beach),https://www.google.com/maps/place/New+Road+Bus+Stop+%28Alpha+Beach%29/data=!4m7!3m6!1s0x103bf6f61502c845:0xf965956024f2bdca!8m2!3d6.4397502!4d3.5266407!16s%2Fg%2F1hhgmz_tc!19sChIJRcgCFfb2OxARyr3yJGCVZfk,,No website found,,3.7,27,Bus station,"Lekki-Epe Expressway, Eti-Osa 106104, Lekki, Lagos, Nigeria",,"https://www.google.com/maps/search/bus+stop+in+Ibeju+Lekki/@6.4220638,3.1983139,10z/data=!3m1!4b1?entry=ttu"
ELF Bus Stop,https://www.google.com/maps/place/ELF+Bus+Stop/data=!4m7!3m6!1s0x103bf5b134e28c45:0xed5b95512a28cdbf!8m2!3d6.4317653!4d3.4749734!16s%2Fg%2F1hf06z63k!19sChIJRYziNLH1OxARv80oKlGVW-0,,No website found,,4.0,22,Bus stop,"Lekki-Epe Expressway, Eti-Osa 106104, Lekki, Lagos, Nigeria",,"https://www.google.com/maps/search/bus+stop+in+Ibeju+Lekki/@6.4220638,3.1983139,10z/data=!3m1!4b1?entry=ttu"
Paramount Stamped Floor Materials,https://www.google.com/maps/place/Paramount+Stamped+Floor+Materials/data=!4m7!3m6!1s0x103bf95b54256777:0x8d8176a284565d43!8m2!3d6.469596!4d3.647316!16s%2Fg%2F11fp8l143w!19sChIJd2clVFv5OxARQ11WhKJ2gY0,,No website found,,3.5,2,Bus stop,"Eti-Osa 106104, Lekki, Lagos, Nigeria",,"https://www.google.com/maps/search/bus+stop+in+Ibeju+Lekki/@6.4220638,3.1983139,10z/data=!3m1!4b1?entry=ttu"
Wisdom Bassey electrical enterprise Bus Stop,https://www.google.com/maps/place/Wisdom+Bassey+electrical+enterprise+Bus+Stop/data=!4m7!3m6!1s0x103bf5c978ba27eb:0x1df85564f78d47d4!8m2!3d6.4329553!4d3.4821678!16s%2Fg%2F1hhjkrms0!19sChIJ6ye6eMn1OxAR1EeN92RV-B0,,No website found,,3.9,2181,Park & ride,"Lekki - Epe Expy, Lekki Phase I 106104, Lekki, Lagos, Nigeria",+234 706 887 0867,"https://www.google.com/maps/search/bus+stop+in+Ibeju+Lekki/@6.4220638,3.1983139,10z/data=!3m1!4b1?entry=ttu"
Ajah,https://www.google.com/maps/place/Ajah/data=!4m7!3m6!1s0x103bf9e333655eeb:0x7c67937b167e7b87!8m2!3d6.4695024!4d3.5846152!16s%2Fg%2F1pp2vkrf2!19sChIJ615lM-P5OxARh3t-FnuTZ3w,http://www.guotransport.com/,,,4.1,56,Bus station,"Lekki - Epe Expy, Eti-Osa 106104, Lekki, Lagos, Nigeria",,"https://www.google.com/maps/search/bus+stop+in+Ibeju+Lekki/@6.4220638,3.1983139,10z/data=!3m1!4b1?entry=ttu"
Salem Bus Stop,https://www.google.com/maps/place/Salem+Bus+Stop/data=!4m7!3m6!1s0x103bf5d5a50fb723:0xc0d0671e502c49fe!8m2!3d6.4352302!4d3.4985608!16s%2Fg%2F1hhww9drl!19sChIJI7cPpdX1OxAR_kksUB5n0MA,,No website found,,4.3,18,Bus stop,"Lagos-Epe Express Rd, Eti-Osa 106104, Lekki, Lagos, Nigeria",,"https://www.google.com/maps/search/bus+stop+in+Ibeju+Lekki/@6.4220638,3.1983139,10z/data=!3m1!4b1?entry=ttu"
3rd Roundabout Lekki Bus Stop,https://www.google.com/maps/place/3rd+Roundabout+Lekki+Bus+Stop/data=!4m7!3m6!1s0x103bf5c9868179eb:0x996e106c4880142f!8m2!3d6.4328954!4d3.4822047!16s%2Fg%2F1hc5dn307!19sChIJ63mBhsn1OxARLxSASGwQbpk,,No website found,,3.5,15,Bus stop,"Lekki Phase I 106104, Lekki, Lagos, Nigeria",,"https://www.google.com/maps/search/bus+stop+in+Ibeju+Lekki/@6.4220638,3.1983139,10z/data=!3m1!4b1?entry=ttu"
New Road Bus Stop,https://www.google.com/maps/place/New+Road+Bus+Stop/data=!4m7!3m6!1s0x103bf6f6137f1b87:0x90a359f1880bf40c!8m2!3d6.439404!4d3.526555!16s%2Fg%2F11h84r37c6!19sChIJhxt_E_b2OxARDPQLiPFZo5A,,No website found,,1.0,1,Bus station,"Lekki Penninsula II 106104, Lekki, Lagos, Nigeria",,"https://www.google.com/maps/search/bus+stop+in+Ibeju+Lekki/@6.4220638,3.1983139,10z/data=!3m1!4b1?entry=ttu"
Igando,https://www.google.com/maps/place/Igando/data=!4m7!3m6!1s0x1039541bbaaf6a59:0xa52130dbce50c03c!8m2!3d6.471453!4d3.811439!16s%2Fg%2F11fp8l27kz!19sChIJWWqvuhtUORARPMBQztswIaU,,No website found,,,,Bus station,"105101, Efiran, Lagos, Nigeria",,"https://www.google.com/maps/search/bus+stop+in+Ibeju+Lekki/@6.4220638,3.1983139,10z/data=!3m1!4b1?entry=ttu"
Eleganza Bus Stop,https://www.google.com/maps/place/Eleganza+Bus+Stop/data=!4m7!3m6!1s0x103bf7afb2e74111:0x43b33c2721f8a1ce!8m2!3d6.4470037!4d3.5444611!16s%2Fg%2F11mxw_n_ls!19sChIJEUHnsq_3OxARzqH4ISc8s0M,,No website found,,3.9,194,Parking lot,"CGWV+RQ4, Lagos-Epe Express Rd, Eti-Osa 106104, Lekki, Lagos, Nigeria",,"https://www.google.com/maps/search/bus+stop+in+Ibeju+Lekki/@6.4220638,3.1983139,10z/data=!3m1!4b1?entry=ttu"
ELF Bus Stop,https://www.google.com/maps/place/ELF+Bus+Stop/data=!4m7!3m6!1s0x103bf5b13511d69d:0x3f4b204fd8ab4426!8m2!3d6.431823!4d3.474966!16s%2Fg%2F11b6bctjl7!19sChIJndYRNbH1OxARJkSr2E8gSz8,,No website found,,4.0,1,Bus stop,"Lekki Phase I 106104, Lekki, Lagos, Nigeria",,"https://www.google.com/maps/search/bus+stop+in+Ibeju+Lekki/@6.4220638,3.1983139,10z/data=!3m1!4b1?entry=ttu"
Cemetry Vgc,https://www.google.com/maps/place/Cemetry+Vgc/data=!4m7!3m6!1s0x103bfe70f768155b:0xf7e1a31f3098ed66!8m2!3d6.471717!4d3.714908!16s%2Fg%2F11j0j2zcrf!19sChIJWxVo93D-OxARZu2YMB-j4fc,,No website found,,,,Bus station,"105101, Awoyaya, Lagos, Nigeria",,"https://www.google.com/maps/search/bus+stop+in+Ibeju+Lekki/@6.4220638,3.1983139,10z/data=!3m1!4b1?entry=ttu"
6th Roundabout Lekki Bus Stop,https://www.google.com/maps/place/6th+Roundabout+Lekki+Bus+Stop/data=!4m7!3m6!1s0x103bf6f55dc72e5f:0x21712add3638170a!8m2!3d6.4386801!4d3.521749!16s%2Fg%2F1hhhs4vlf!19sChIJXy7HXfX2OxARChc4Nt0qcSE,,No website found,,3.8,4,Bus stop,"Eti-Osa 106104, Lekki, Lagos, Nigeria",,"https://www.google.com/maps/search/bus+stop+in+Ibeju+Lekki/@6.4220638,3.1983139,10z/data=!3m1!4b1?entry=ttu"
Ikate Bus Stop,https://www.google.com/maps/place/Ikate+Bus+Stop/data=!4m7!3m6!1s0x103bf5d211a797d3:0x15169237bb1bb3b3!8m2!3d6.434179!4d3.4909571!16s%2Fg%2F1hc12jv_w!19sChIJ05enEdL1OxARs7MbuzeSFhU,,No website found,,3.8,14,Bus stop,"Lagos-Epe Express Rd, Eti-Osa 106104, Lekki, Lagos, Nigeria",,"https://www.google.com/maps/search/bus+stop+in+Ibeju+Lekki/@6.4220638,3.1983139,10z/data=!3m1!4b1?entry=ttu"
Igbo Efon ( 6Th Roundabout Lekki),https://www.google.com/maps/place/Igbo+Efon+%28+6Th+Roundabout+Lekki%29/data=!4m7!3m6!1s0x103bf6f551658c1f:0xcb416c6e5d6fa80d!8m2!3d6.438713!4d3.520918!16s%2Fg%2F11fp8l5kfc!19sChIJH4xlUfX2OxARDahvXW5sQcs,,No website found,,3.2,6,Bus station,"Lekki Penninsula II 106104, Lekki, Lagos, Nigeria",,"https://www.google.com/maps/search/bus+stop+in+Ibeju+Lekki/@6.4220638,3.1983139,10z/data=!3m1!4b1?entry=ttu"
Maruwa Bus Stop,https://www.google.com/maps/place/Maruwa+Bus+Stop/data=!4m7!3m6!1s0x103bf5b1c8d7178b:0x19a1ee6a90b045da!8m2!3d6.4311757!4d3.4709729!16s%2Fg%2F1hhwl0xmr!19sChIJixfXyLH1OxAR2kWwkGruoRk,,No website found,,3.9,18,Bus stop,"Lekki-Epe Expressway, Lekki Phase I 106104, Lekki, Lagos, Nigeria",,"https://www.google.com/maps/search/bus+stop+in+Ibeju+Lekki/@6.4220638,3.1983139,10z/data=!3m1!4b1?entry=ttu"
Ikota bus stop,https://www.google.com/maps/place/Ikota+bus+stop/data=!4m7!3m6!1s0x103bf75fa141fcc7:0x4db9f01ca8c38075!8m2!3d6.4488741!4d3.5496994!16s%2Fg%2F11tct3dvm4!19sChIJx_xBoV_3OxARdYDDqBzwuU0,,No website found,,5.0,1,Transportation service,"CGXX+GVW, Rd 1, Lekki Penninsula II 106104, Lekki, Lagos, Nigeria",,"https://www.google.com/maps/search/bus+stop+in+Ibeju+Lekki/@6.4220638,3.1983139,10z/data=!3m1!4b1?entry=ttu"
Lekki Phase 1 Gate (Bus Park),https://www.google.com/maps/place/Lekki+Phase+1+Gate+%28Bus+Park%29/data=!4m7!3m6!1s0x103bf501b5bed9a3:0x97b91e069331443!8m2!3d6.437273!4d3.457182!16s%2Fg%2F11r6y1xksk!19sChIJo9m-tQH1OxARQxQzaeCRewk,,No website found,,,,Bus stop,"Lekki Phase I 106104, Lekki, Lagos, Nigeria",,"https://www.google.com/maps/search/bus+stop+in+Ibeju+Lekki/@6.4220638,3.1983139,10z/data=!3m1!4b1?entry=ttu"
Hakeem dickson bus stop,https://www.google.com/maps/place/Hakeem+dickson+bus+stop/data=!4m7!3m6!1s0x103bf50ef3a616b9:0x12fc35727a937e7a!8m2!3d6.4323411!4d3.4739972!16s%2Fg%2F11h5nqmjqs!19sChIJuRam8w71OxARen6TenI1_BI,,No website found,,4.0,2,Bus charter,"25 Lekki - Epe Expy, Lekki Phase I 106104, Lekki, Lagos, Nigeria",,"https://www.google.com/maps/search/bus+stop+in+Ibeju+Lekki/@6.4220638,3.1983139,10z/data=!3m1!4b1?entry=ttu"
Lekki Phase 1,https://www.google.com/maps/place/Lekki+Phase+1/data=!4m7!3m6!1s0x103bf501715011ed:0xe62814ddbe62858d!8m2!3d6.435805!4d3.455514!16s%2Fg%2F1hc7zw0gq!19sChIJ7RFQcQH1OxARjYVivt0UKOY,,No website found,,4.1,17,Bus stop,"Lekki Phase 1 106104, Lagos, Nigeria",,"https://www.google.com/maps/search/bus+stop+in+Ibeju+Lekki/@6.4220638,3.1983139,10z/data=!3m1!4b1?entry=ttu"
Ol√≥golo busstop,https://www.google.com/maps/place/Ol%C3%B3golo+busstop/data=!4m7!3m6!1s0x103bf71014fc80fb:0x5ff709348e903496!8m2!3d6.4375833!4d3.5150933!16s%2Fg%2F11nsvtxw4h!19sChIJ-4D8FBD3OxARljSQjjQJ918,,No website found,,4.3,23,Parking lot,"CGQ8+22P, Lekki Penninsula II 106104, Lekki, Lagos, Nigeria",+234 901 929 7913,"https://www.google.com/maps/search/bus+stop+in+Ibeju+Lekki/@6.4220638,3.1983139,10z/data=!3m1!4b1?entry=ttu"
Chisco Bus Stop,https://www.google.com/maps/place/Chisco+Bus+Stop/data=!4m7!3m6!1s0x103bf5d245acb9e7:0xd94d20b40f34b320!8m2!3d6.434567!4d3.492087!16s%2Fg%2F11h0t6f10!19sChIJ57msRdL1OxARILM0D7QgTdk,,No website found,,3.5,17,Bus stop,"Lagos-Epe Express Rd, Eti-Osa 106104, Lekki, Lagos, Nigeria",,"https://www.google.com/maps/search/bus+stop+in+Ibeju+Lekki/@6.4220638,3.1983139,10z/data=!3m1!4b1?entry=ttu"
Ilaje,https://www.google.com/maps/place/Ilaje/data=!4m7!3m6!1s0x103bf7475d8eb459:0x6783544b0e6b6db1!8m2!3d6.465894!4d3.561445!16s%2Fg%2F1hjhfsczv!19sChIJWbSOXUf3OxARsW1rDktUg2c,,No website found,,3.7,22,Bus stop,"Lekki-Epe Expressway, Aja 106104, Lekki, Lagos, Nigeria",,"https://www.google.com/maps/search/bus+stop+in+Ibeju+Lekki/@6.4220638,3.1983139,10z/data=!3m1!4b1?entry=ttu"
Bus Stop,https://www.google.com/maps/place/Bus+Stop/data=!4m7!3m6!1s0x10394426fd3d2daf:0xff3b86934ea2980c!8m2!3d6.61911!4d3.9851727!16s%2Fg%2F1v38dk0t!19sChIJry09_SZEORARDJiiTpOGO_8,,No website found,,1.0,1,Bus stop,"106103, Odo-Mala, Lagos, Nigeria",,"https://www.google.com/maps/search/bus+stop+in+Ibeju+Lekki/@6.4220638,3.1983139,10z/data=!3m1!4b1?entry=ttu"
2rd Roundabout Lekki,https://www.google.com/maps/place/2rd+Roundabout+Lekki/data=!4m7!3m6!1s0x103bf5ae49f73c63:0x568b70b704421a93!8m2!3d6.430998!4d3.468724!16s%2Fg%2F1hc0x8nrs!19sChIJYzz3Sa71OxARkxpCBLdwi1Y,,No website found,,3.5,15,Bus stop,"Lekki Phase 1 106104, Lekki, Lagos, Nigeria",,"https://www.google.com/maps/search/bus+stop+in+Ibeju+Lekki/@6.4220638,3.1983139,10z/data=!3m1!4b1?entry=ttu"
Ajah,https://www.google.com/maps/place/Ajah/data=!4m7!3m6!1s0x103bf7471541cf9d:0x6f0a77afb242bf93!8m2!3d6.4679564!4d3.5655618!16s%2Fg%2F11j0j2z4sx!19sChIJnc9BFUf3OxARk79Csq93Cm8,,No website found,,,,Bus station,"Aja 106104, Lekki, Lagos, Nigeria",,"https://www.google.com/maps/search/bus+stop+in+Ibeju+Lekki/@6.4220638,3.1983139,10z/data=!3m1!4b1?entry=ttu"
Chevron (7Th Roundabout Lekki),https://www.google.com/maps/place/Chevron+%287Th+Roundabout+Lekki%29/data=!4m7!3m6!1s0x103bf6f9c0ea3101:0x494ced5f275b3f2b!8m2!3d6.441943!4d3.531845!16s%2Fg%2F11fp8l2pnq!19sChIJATHqwPn2OxARKz9bJ1_tTEk,,No website found,,3.0,1,Bus station,"Lekki Penninsula II 106104, Lekki, Lagos, Nigeria",,"https://www.google.com/maps/search/bus+stop+in+Ibeju+Lekki/@6.4220638,3.1983139,10z/data=!3m1!4b1?entry=ttu"
New Market Bus Stop,https://www.google.com/maps/place/New+Market+Bus+Stop/data=!4m7!3m6!1s0x103bf5013c28be95:0x2a20b136dcd0ebf8!8m2!3d6.4345159!4d3.4564769!16s%2Fg%2F1hhvv17n0!19sChIJlb4oPAH1OxAR-OvQ3DaxICo,,No website found,,4.1,7,Bus stop,"Lekki-Epe Expressway, Eti-Osa 106104, Lagos, Nigeria",,"https://www.google.com/maps/search/bus+stop+in+Ibeju+Lekki/@6.4220638,3.1983139,10z/data=!3m1!4b1?entry=ttu"
Addo Roundabout,https://www.google.com/maps/place/Addo+Roundabout/data=!4m7!3m6!1s0x103bfa0b94cf3521:0x9daf75b55c8d8b3e!8m2!3d6.497712!4d3.585283!16s%2Fg%2F11r6y3f6p1!19sChIJITXPlAv6OxARPouNXLV1r50,,No website found,,4.1,16,Bus stop,"Lambasa 106104, Lekki, Lagos, Nigeria",,"https://www.google.com/maps/search/bus+stop+in+Ibeju+Lekki/@6.4220638,3.1983139,10z/data=!3m1!4b1?entry=ttu"
Ilasan Bus Stop,https://www.google.com/maps/place/Ilasan+Bus+Stop/data=!4m7!3m6!1s0x103bf5d3bf9b04a5:0xc511fc08b060f5ad!8m2!3d6.434516!4d3.493899!16s%2Fg%2F1hhx37ss_!19sChIJpQSbv9P1OxARrfVgsAj8EcU,,No website found,,3.0,6,Bus stop,"Lagos-Epe Express Rd, Eti-Osa 106104, Lekki, Lagos, Nigeria",,"https://www.google.com/maps/search/bus+stop+in+Ibeju+Lekki/@6.4220638,3.1983139,10z/data=!3m1!4b1?entry=ttu"
Total,https://www.google.com/maps/place/Total/data=!4m7!3m6!1s0x103bf7035f21c7fb:0x210234a7d104df6f!8m2!3d6.447661!4d3.545703!16s%2Fg%2F1hhxq4_xc!19sChIJ-8chXwP3OxARb98E0ac0AiE,,No website found,,4.0,2,Bus stop,"Lekki Penninsula II 106104, Lekki, Lagos, Nigeria",,"https://www.google.com/maps/search/bus+stop+in+Ibeju+Lekki/@6.4220638,3.1983139,10z/data=!3m1!4b1?entry=ttu"
Papa,"https://www.google.com/maps/place/Papa/@6.501902,3.599891,17z/data=!3m1!4b1!4m6!3m5!1s0x103bfa6acea799eb:0xbf5cec150fbe3d05!8m2!3d6.501902!4d3.599891!16s%2Fg%2F11ppcvs_v8",,No website found,,,,Bus stop,"Lambasa 106104, Lekki, Lagos, Nigeria",,"https://www.google.com/maps/search/bus+stop+in+Ibeju+Lekki/@6.4220638,3.1983139,10z/data=!3m1!4b1?entry=ttu"
Jazz 38 Bus Stop,https://www.google.com/maps/place/Jazz+38+Bus+Stop/data=!4m7!3m6!1s0x103bf5af2cb9390b:0xcfc1d3bf3f6bbd28!8m2!3d6.4302727!4d3.4650385!16s%2Fg%2F1hhwhsd_m!19sChIJCzm5LK_1OxARKL1rP7_Twc8,,No website found,,3.3,10,Bus stop,"Lekki-Epe Expressway, Eti-Osa 106104, Lagos, Nigeria",,"https://www.google.com/maps/search/bus+stop+in+Ibeju+Lekki/@6.4220638,3.1983139,10z/data=!3m1!4b1?entry=ttu"
Chevron,https://www.google.com/maps/place/Chevron/data=!4m7!3m6!1s0x103bf6f90cc979b9:0x648c84cd6c86dd48!8m2!3d6.4417015!4d3.5320079!16s%2Fg%2F1tjcrh3y!19sChIJuXnJDPn2OxARSN2GbM2EjGQ,,No website found,,4.3,3,Bus stop,"Lekki Conservation Centre Rd, Eti-Osa 106104, Lekki, Lagos, Nigeria",,"https://www.google.com/maps/search/bus+stop+in+Ibeju+Lekki/@6.4220638,3.1983139,10z/data=!3m1!4b1?entry=ttu"
Powerline,https://www.google.com/maps/place/Powerline/data=!4m7!3m6!1s0x103bfa0c534304cf:0x6d3912daced1197c!8m2!3d6.4986!4d3.588795!16s%2Fg%2F11ppc_9296!19sChIJzwRDUwz6OxARfBnRztoSOW0,,No website found,,,,Bus stop,"Lambasa 106104, Lekki, Lagos, Nigeria",,"https://www.google.com/maps/search/bus+stop+in+Ibeju+Lekki/@6.4220638,3.1983139,10z/data=!3m1!4b1?entry=ttu"
Lekki Phase 1,https://www.google.com/maps/place/Lekki+Phase+1/data=!4m7!3m6!1s0x103bf501712df3d1:0xf2d19c2f77c2f7ff!8m2!3d6.4352526!4d3.4563501!16s%2Fg%2F11b6b4zxyb!19sChIJ0fMtcQH1OxAR__fCdy-c0fI,,No website found,,3.8,8,Bus station,"Lekki Phase I 106104, Lekki, Lagos, Nigeria",+234 814 469 8226,"https://www.google.com/maps/search/bus+stop+in+Ibeju+Lekki/@6.4220638,3.1983139,10z/data=!3m1!4b1?entry=ttu"
Mobolaji Johnson,https://www.google.com/maps/place/Mobolaji+Johnson/data=!4m7!3m6!1s0x103bf5b1c5e78e33:0x220c6a296dbc41df!8m2!3d6.431379!4d3.470947!16s%2Fg%2F11b6bc8_8t!19sChIJM47nxbH1OxAR30G8bSlqDCI,,No website found,,3.0,1,Bus stop,"Lekki Phase I 106104, Lekki, Lagos, Nigeria",,"https://www.google.com/maps/search/bus+stop+in+Ibeju+Lekki/@6.4220638,3.1983139,10z/data=!3m1!4b1?entry=ttu"
2nd Roundabout Lekki,https://www.google.com/maps/place/2nd+Roundabout+Lekki/data=!4m7!3m6!1s0x103bf5ae299dc1cd:0xea374e1fd4e910d3!8m2!3d6.431031!4d3.46988!16s%2Fg%2F11b6b5fs37!19sChIJzcGdKa71OxAR0xDp1B9ON-o,,No website found,,4.0,2,Bus stop,"Lekki Phase I 106104, Lekki, Lagos, Nigeria",,"https://www.google.com/maps/search/bus+stop+in+Ibeju+Lekki/@6.4220638,3.1983139,10z/data=!3m1!4b1?entry=ttu"
Ikate (3Rd Roundabout Lekki),https://www.google.com/maps/place/Ikate+%283Rd+Roundabout+Lekki%29/data=!4m7!3m6!1s0x103bf5c978b6d709:0x8e7d00b7ce5150ab!8m2!3d6.43285!4d3.482722!16s%2Fg%2F11j0j2vg38!19sChIJCde2eMn1OxARq1BRzrcAfY4,,No website found,,5.0,3,Bus station,"Lekki Phase I 106104, Lekki, Lagos, Nigeria",,"https://www.google.com/maps/search/bus+stop+in+Ibeju+Lekki/@6.4220638,3.1983139,10z/data=!3m1!4b1?entry=ttu"
Badore,https://www.google.com/maps/place/Badore/data=!4m7!3m6!1s0x103bfa45bcfc587d:0x53ab30c4f2d6deaf!8m2!3d6.508676!4d3.610212!16s%2Fg%2F11r6y17pvb!19sChIJfVj8vEX6OxARr97W8sQwq1M,,No website found,,4.8,4,Bus stop,"Lambasa 106104, Lekki, Lagos, Nigeria",,"https://www.google.com/maps/search/bus+stop+in+Ibeju+Lekki/@6.4220638,3.1983139,10z/data=!3m1!4b1?entry=ttu"
"AKTC - Bus Terminal - Lekki-Epe Expressway, Ajah","https://www.google.com/maps/place/AKTC+-+Bus+Terminal+-+Lekki-Epe+Expressway,+Ajah/data=!4m7!3m6!1s0x103bf71146e70a45:0x2b8dd49ae3878f1b!8m2!3d6.452734!4d3.5557415!16s%2Fg%2F11g8wwdmj1!19sChIJRQrnRhH3OxARG4-H45rUjSs",https://aktc.com.ng/,,,3.4,105,Transportation service,"12 Lekki - Epe Expy, Aja 106104, Lekki, Lagos, Nigeria",+234 701 684 2184,"https://www.google.com/maps/search/bus+stop+in+Ibeju+Lekki/@6.4220638,3.1983139,10z/data=!3m1!4b1?entry=ttu"
Jakande (5Th Roundabout Lekki),https://www.google.com/maps/place/Jakande+%285Th+Roundabout+Lekki%29/data=!4m7!3m6!1s0x103bf67d115bfb69:0xa098019e3eb1165c!8m2!3d6.436669!4d3.508817!16s%2Fg%2F11j0j2_ydq!19sChIJaftbEX32OxARXBaxPp4BmKA,,No website found,,5.0,1,Bus station,"Lekki Penninsula II 106104, Lekki, Lagos, Nigeria",,"https://www.google.com/maps/search/bus+stop+in+Ibeju+Lekki/@6.4220638,3.1983139,10z/data=!3m1!4b1?entry=ttu"
Bus Stop,https://www.google.com/maps/place/Bus+Stop/data=!4m7!3m6!1s0x1039442a81e4d2dd:0x92a6360a422d3f38!8m2!3d6.607546!4d3.9878148!16s%2Fg%2F1tcwz10g!19sChIJ3dLkgSpEORAROD8tQgo2ppI,,No website found,,4.7,3,Bus stop,"106101, Epe, Lagos, Nigeria",,"https://www.google.com/maps/search/bus+stop+in+Ibeju+Lekki/@6.4220638,3.1983139,10z/data=!3m1!4b1?entry=ttu"
VGC Bus Services,https://www.google.com/maps/place/VGC+Bus+Services/data=!4m7!3m6!1s0x103bf73d95d31795:0x98d9fc6b805f7969!8m2!3d6.4604834!4d3.5544124!16s%2Fg%2F11h01r6pv!19sChIJlRfTlT33OxARaXlfgGv82Zg,,No website found,,1.0,1,Bus stop,"Eti-Osa 106104, Lagos, Nigeria",,"https://www.google.com/maps/search/bus+stop+in+Ibeju+Lekki/@6.4220638,3.1983139,10z/data=!3m1!4b1?entry=ttu"
ASAJON WAY BUSSTOP,https://www.google.com/maps/place/ASAJON+WAY+BUSSTOP/data=!4m7!3m6!1s0x103bf9330cd026c3:0xe0e81c2a731173bd!8m2!3d6.4705603!4d3.6496925!16s%2Fg%2F11nmcrwgx5!19sChIJwybQDDP5OxARvXMRcyoc6OA,,No website found,,3.8,5,Housing society,"FJCX+6VG, Eti-Osa 106104, Lekki, Lagos, Nigeria",,"https://www.google.com/maps/search/bus+stop+in+Ibeju+Lekki/@6.4220638,3.1983139,10z/data=!3m1!4b1?entry=ttu"
Lekki Phase 1 Estate,https://www.google.com/maps/place/Lekki+Phase+1+Estate/data=!4m7!3m6!1s0x103bf44840766c23:0x786c9f121d544ca!8m2!3d6.447757!4d3.478866!16s%2Fg%2F11fp8l0kxk!19sChIJI2x2QEj0OxARykTVIfHJhgc,,No website found,,4.0,2,Bus station,"Lekki Phase I 106104, Lekki, Lagos, Nigeria",,"https://www.google.com/maps/search/bus+stop+in+Ibeju+Lekki/@6.4220638,3.1983139,10z/data=!3m1!4b1?entry=ttu"
Igbo Efon,https://www.google.com/maps/place/Igbo+Efon/data=!4m7!3m6!1s0x103bf6f5790b3689:0x26ae9a85dee180d!8m2!3d6.4384885!4d3.5218623!16s%2Fg%2F1tnpbkky!19sChIJiTYLefX2OxARDRjuXajpagI,,No website found,,3.6,27,Bus stop,"Eti-Osa 106104, Lekki, Lagos, Nigeria",,"https://www.google.com/maps/search/bus+stop+in+Ibeju+Lekki/@6.4220638,3.1983139,10z/data=!3m1!4b1?entry=ttu"
Oke Eletu Bus Stop,https://www.google.com/maps/place/Oke+Eletu+Bus+Stop/data=!4m7!3m6!1s0x103be564e192b8bd:0x8cc5d8f8e7e2fd46!8m2!3d6.59591!4d3.58878!16s%2Fg%2F11snt1c9s4!19sChIJvbiS4WTlOxARRv3i5_jYxYw,,No website found,,4.4,5,Bus stop,"Ikorodu 104102, Mowo Kekere, Lagos, Nigeria",,"https://www.google.com/maps/search/bus+stop+in+Ibeju+Lekki/@6.4220638,3.1983139,10z/data=!3m1!4b1?entry=ttu"
Eleganza,https://www.google.com/maps/place/Eleganza/data=!4m7!3m6!1s0x103bf7036f3f9d31:0x646cefc481505d6e!8m2!3d6.447005!4d3.545135!16s%2Fg%2F11j0j2q406!19sChIJMZ0_bwP3OxARbl1QgcTvbGQ,,No website found,,4.0,3,Bus station,"Lekki Penninsula II 106104, Lekki, Lagos, Nigeria",,"https://www.google.com/maps/search/bus+stop+in+Ibeju+Lekki/@6.4220638,3.1983139,10z/data=!3m1!4b1?entry=ttu"
Owode,"https://www.google.com/maps/place/Owode/@6.503005,3.58267,17z/data=!3m1!4b1!4m6!3m5!1s0x103bfa753fd68e4d:0xc13d1c0dc68848a6!8m2!3d6.503005!4d3.58267!16s%2Fg%2F11ppck7161",,No website found,,,1,Bus stop,"Lambasa 106104, Lekki, Lagos, Nigeria",,"https://www.google.com/maps/search/bus+stop+in+Ibeju+Lekki/@6.4220638,3.1983139,10z/data=!3m1!4b1?entry=ttu"
Road 13,https://www.google.com/maps/place/Road+13/data=!4m7!3m6!1s0x103bf457a97b4d91:0xa81249ec9238ac3a!8m2!3d6.447003!4d3.462261!16s%2Fg%2F11r6xyg52r!19sChIJkU17qVf0OxAROqw4kuxJEqg,,No website found,,5.0,1,Bus stop,"Lekki Phase I 106104, Lekki, Lagos, Nigeria",,"https://www.google.com/maps/search/bus+stop+in+Ibeju+Lekki/@6.4220638,3.1983139,10z/data=!3m1!4b1?entry=ttu"
Road 5,https://www.google.com/maps/place/Road+5/data=!4m7!3m6!1s0x103bf6decd81bcf5:0xca6bbbc0f8e1ddc3!8m2!3d6.464577!4d3.537616!16s%2Fg%2F11ppcw871v!19sChIJ9byBzd72OxARw93h-MC7a8o,,No website found,,,,Bus stop,"Victoria garden City 106104, Lekki, Lagos, Nigeria",,"https://www.google.com/maps/search/bus+stop+in+Ibeju+Lekki/@6.4220638,3.1983139,10z/data=!3m1!4b1?entry=ttu"
Phcn,https://www.google.com/maps/place/Phcn/data=!4m7!3m6!1s0x103bf448609775f1:0xf3c5d68bbdd7aecb!8m2!3d6.447917!4d3.477836!16s%2Fg%2F11ppcvdlwb!19sChIJ8XWXYEj0OxARy67XvYvWxfM,,No website found,,,,Bus stop,"Lekki Phase I 106104, Lekki, Lagos, Nigeria",,"https://www.google.com/maps/search/bus+stop+in+Ibeju+Lekki/@6.4220638,3.1983139,10z/data=!3m1!4b1?entry=ttu"
Agungi,https://www.google.com/maps/place/Agungi/data=!4m7!3m6!1s0x103bf661e0dbf0c1:0x684ce03f15e0adea!8m2!3d6.438028!4d3.516637!16s%2Fg%2F11b6c6026x!19sChIJwfDb4GH2OxAR6q3gFT_gTGg,,No website found,,4.0,3,Bus stop,"Lekki Penninsula II 106104, Lekki, Lagos, Nigeria",,"https://www.google.com/maps/search/bus+stop+in+Ibeju+Lekki/@6.4220638,3.1983139,10z/data=!3m1!4b1?entry=ttu"
Ikota,https://www.google.com/maps/place/Ikota/data=!4m7!3m6!1s0x103bf71112ae0bdf:0x4b9fb991a4e18451!8m2!3d6.452036!4d3.554681!16s%2Fg%2F11b6b8mq10!19sChIJ3wuuEhH3OxARUYThpJG5n0s,,No website found,,3.8,5,Bus stop,"Aja 106104, Lekki, Lagos, Nigeria",,"https://www.google.com/maps/search/bus+stop+in+Ibeju+Lekki/@6.4220638,3.1983139,10z/data=!3m1!4b1?entry=ttu"
Maruwa (2Nd Roundabout Lekki),https://www.google.com/maps/place/Maruwa+%282Nd+Roundabout+Lekki%29/data=!4m7!3m6!1s0x103bf5ae298cedd5:0x96ad90a8752974f5!8m2!3d6.431!4d3.469947!16s%2Fg%2F11hf00w8nw!19sChIJ1e2MKa71OxAR9XQpdaiQrZY,,No website found,,,,Bus station,"Lekki Phase I 106104, Lekki, Lagos, Nigeria",,"https://www.google.com/maps/search/bus+stop+in+Ibeju+Lekki/@6.4220638,3.1983139,10z/data=!3m1!4b1?entry=ttu"
Elemu Bus Stop,https://www.google.com/maps/place/Elemu+Bus+Stop/data=!4m7!3m6!1s0x103be579506be9fb:0x53f91cf6340a0a3b!8m2!3d6.60344!4d3.5869!16s%2Fg%2F11rp69z6ng!19sChIJ--lrUHnlOxAROwoKNPYc-VM,,No website found,,,,Bus stop,"Ikorodu 104102, Mowo Kekere, Lagos, Nigeria",,"https://www.google.com/maps/search/bus+stop+in+Ibeju+Lekki/@6.4220638,3.1983139,10z/data=!3m1!4b1?entry=ttu"
Lekki Phase1,https://www.google.com/maps/place/Lekki+Phase1/data=!4m7!3m6!1s0x103bf50173b861dd:0x8e6ffb44b7b790d!8m2!3d6.435606!4d3.455913!16s%2Fg%2F11fp8w_x5g!19sChIJ3WG4cwH1OxARDXl7S7T_5gg,,No website found,,,,Bus station,"Lekki Phase I 106104, Lagos, Nigeria",,"https://www.google.com/maps/search/bus+stop+in+Ibeju+Lekki/@6.4220638,3.1983139,10z/data=!3m1!4b1?entry=ttu"
Jubilee Estate,https://www.google.com/maps/place/Jubilee+Estate/data=!4m7!3m6!1s0x103beebbada78b0b:0x40cbeb52b4256af6!8m2!3d6.637893!4d3.5135!16s%2Fg%2F11ppczqdy5!19sChIJC4unrbvuOxAR9moltFLry0A,,No website found,,,,Bus stop,"Ikorodu 104101, Ikorodu, Lagos, Nigeria",,"https://www.google.com/maps/search/bus+stop+in+Ibeju+Lekki/@6.4220638,3.1983139,10z/data=!3m1!4b1?entry=ttu"
Durosinmi Etti,https://www.google.com/maps/place/Durosinmi+Etti/data=!4m7!3m6!1s0x103bf5b368f24cf3:0xe03c42aac651a8d3!8m2!3d6.43706!4d3.47436!16s%2Fg%2F11ppcvs_mz!19sChIJ80zyaLP1OxAR06hRxqpCPOA,,No website found,,,,Bus stop,"Lekki Phase I 106104, Lekki, Lagos, Nigeria",,"https://www.google.com/maps/search/bus+stop+in+Ibeju+Lekki/@6.4220638,3.1983139,10z/data=!3m1!4b1?entry=ttu"
Itoikin Market,https://www.google.com/maps/place/Itoikin+Market/data=!4m7!3m6!1s0x10395ece21fc11ed:0xdc6cd80c66870ba9!8m2!3d6.65602!4d3.79461!16s%2Fg%2F11pw506pt3!19sChIJ7RH8Ic5eORARqQuHZgzYbNw,,No website found,,,,Bus stop,"106103, Itokin, Lagos, Nigeria",,"https://www.google.com/maps/search/bus+stop+in+Ibeju+Lekki/@6.4220638,3.1983139,10z/data=!3m1!4b1?entry=ttu"
Agungi,https://www.google.com/maps/place/Agungi/data=!4m7!3m6!1s0x103bf661e7134a3f:0xaf0af256aa42275e!8m2!3d6.4378049!4d3.5166148!16s%2Fg%2F1hhvmrwd_!19sChIJP0oT52H2OxARXidCqlbyCq8,,No website found,,3.9,79,Bus stop,"47A, Agungi Ajiran road, Agungi bus stop, Lekki - Epe Expy, Eti-Osa 104106, Lekki, Lagos, Nigeria",,"https://www.google.com/maps/search/bus+stop+in+Ibeju+Lekki/@6.4220638,3.1983139,10z/data=!3m1!4b1?entry=ttu"
Oniru Estate Bus Stop,https://www.google.com/maps/place/Oniru+Estate+Bus+Stop/data=!4m7!3m6!1s0x103bf502eae3cc53:0x16d9112de62ffd0a!8m2!3d6.437283!4d3.451255!16s%2Fg%2F1hhxh6l2s!19sChIJU8zj6gL1OxARCv0v5i0R2RY,,No website found,,4.0,1,Bus stop,"Ozumba Mbadiwe Ave, Victoria Island 106104, Lagos, Nigeria",,"https://www.google.com/maps/search/bus+stop+in+Ibeju+Lekki/@6.4220638,3.1983139,10z/data=!3m1!4b1?entry=ttu"
Road 15,https://www.google.com/maps/place/Road+15/data=!4m7!3m6!1s0x103bf4503e2121d9:0xbf341c3d99d48398!8m2!3d6.44792!4d3.468992!16s%2Fg%2F11r6y02bq4!19sChIJ2SEhPlD0OxARmIPUmT0cNL8,,No website found,,,,Bus stop,"Eti-Osa 106104, Lekki, Lagos, Nigeria",,"https://www.google.com/maps/search/bus+stop+in+Ibeju+Lekki/@6.4220638,3.1983139,10z/data=!3m1!4b1?entry=ttu"
Kith and Kin Bus Stop,https://www.google.com/maps/place/Kith+and+Kin+Bus+Stop/data=!4m7!3m6!1s0x103bf275a93a9b6b:0xf0302866269e05d3!8m2!3d6.5641191!4d3.4773345!16s%2Fg%2F11bwbwr0lg!19sChIJa5s6qXXyOxAR0wWeJmYoMPA,,No website found,,5.0,1,Bus stop,"Kaoli Olusanyanya Street, Ikorodu 104102, Ikorodu, Lagos, Nigeria",,"https://www.google.com/maps/search/bus+stop+in+Ibeju+Lekki/@6.4220638,3.1983139,10z/data=!3m1!4b1?entry=ttu"
Abule Eko Bus Stop,https://www.google.com/maps/place/Abule+Eko+Bus+Stop/data=!4m7!3m6!1s0x103be55b7760552d:0x74904d280b672070!8m2!3d6.58086!4d3.58909!16s%2Fg%2F11snt0wpnf!19sChIJLVVgd1vlOxARcCBnCyhNkHQ,,No website found,,,,Bus stop,"Ikorodu 104102, Ijede, Lagos, Nigeria",,"https://www.google.com/maps/search/bus+stop+in+Ibeju+Lekki/@6.4220638,3.1983139,10z/data=!3m1!4b1?entry=ttu"
Road 12,https://www.google.com/maps/place/Road+12/data=!4m7!3m6!1s0x103bf4f886806feb:0xb95797bd94f5c6ad!8m2!3d6.446341!4d3.459462!16s%2Fg%2F11ppczgd0x!19sChIJ62-Ahvj0OxARrcb1lL2XV7k,,No website found,,,,Bus stop,"Lekki Phase I 106104, Lekki, Lagos, Nigeria",,"https://www.google.com/maps/search/bus+stop+in+Ibeju+Lekki/@6.4220638,3.1983139,10z/data=!3m1!4b1?entry=ttu"
Cele Bus Stop Ijede,https://www.google.com/maps/place/Cele+Bus+Stop+Ijede/data=!4m7!3m6!1s0x103bef190e4e1509:0xb44a92c264972855!8m2!3d6.62629!4d3.54786!16s%2Fg%2F11rp69d5dt!19sChIJCRVODhnvOxARVSiXZMKSSrQ,,No website found,,,,Bus stop,"Ikorodu 104101, Ikorodu, Lagos, Nigeria",,"https://www.google.com/maps/search/bus+stop+in+Ibeju+Lekki/@6.4220638,3.1983139,10z/data=!3m1!4b1?entry=ttu"
Road C,"https://www.google.com/maps/place/Road+C/@6.580037,3.525656,17z/data=!3m1!4b1!4m6!3m5!1s0x103bee3b881a8eb1:0xa5c5ce7a712075ec!8m2!3d6.580037!4d3.525656!16s%2Fg%2F11pw4_wpmv",,No website found,,,,Bus stop,"Ikorodu 104102, Ikorodu, Lagos, Nigeria",,"https://www.google.com/maps/search/bus+stop+in+Ibeju+Lekki/@6.4220638,3.1983139,10z/data=!3m1!4b1?entry=ttu"
2nd Tollgate,https://www.google.com/maps/place/2nd+Tollgate/data=!4m7!3m6!1s0x103bf6fdedba80e3:0xd2ba30df169297b!8m2!3d6.444569!4d3.540041!16s%2Fg%2F11b6bcky5b!19sChIJ44C67f32OxAReylp8Q2jKw0,,No website found,,3.3,19,Bus stop,"Lekki Penninsula II 106104, Lekki, Lagos, Nigeria",,"https://www.google.com/maps/search/bus+stop+in+Ibeju+Lekki/@6.4220638,3.1983139,10z/data=!3m1!4b1?entry=ttu"
Api Dyke Nigeria Limited,https://www.google.com/maps/place/Api+Dyke+Nigeria+Limited/data=!4m7!3m6!1s0x1039559f38835889:0x23da467b7af1d617!8m2!3d6.4746323!4d3.8005178!16s%2Fg%2F11jkpf5ddt!19sChIJiViDOJ9VORARF9bxentG2iM,,No website found,,,,Parking garage,"Bfore Ibeju Lekki Local Government Secretariat, By Onosa Bus Stop Lagos Jakande, Nigeria",+234 803 338 4052,"https://www.google.com/maps/search/bus+stop+in+Ibeju+Lekki/@6.4220638,3.1983139,10z/data=!3m1!4b1?entry=ttu"
Park view Bus stop,https://www.google.com/maps/place/Park+view+Bus+stop/data=!4m7!3m6!1s0x103bf4e98984cc97:0x23456cee89e07167!8m2!3d6.454628!4d3.441355!16s%2Fg%2F11kj2crcql!19sChIJl8yEien0OxARZ3Hgie5sRSM,,No website found,,,,Bus stop,"Ikoyi 106104, Lagos, Nigeria",,"https://www.google.com/maps/search/bus+stop+in+Ibeju+Lekki/@6.4220638,3.1983139,10z/data=!3m1!4b1?entry=ttu"
Bus Stop,"https://www.google.com/maps/place/Bus+Stop/@6.6743921,4.0052393,17z/data=!3m1!4b1!4m6!3m5!1s0x1039416c788624a9:0xc3b30cf884b8fa3f!8m2!3d6.6743921!4d4.0052393!16s%2Fg%2F1t_fqg8h",,No website found,,,1,Bus stop,"106103, Ibonwon, Lagos, Nigeria",,"https://www.google.com/maps/search/bus+stop+in+Ibeju+Lekki/@6.4220638,3.1983139,10z/data=!3m1!4b1?entry=ttu"
FRCN Bus stop,https://www.google.com/maps/place/FRCN+Bus+stop/data=!4m7!3m6!1s0x103bede64b9be64b:0x4342bc1725e34b65!8m2!3d6.584695!4d3.491761!16s%2Fg%2F11snt14cp0!19sChIJS-abS-btOxARZUvjJRe8QkM,,No website found,,,,Bus stop,"Ikorodu 104101, Ikorodu, Lagos, Nigeria",,"https://www.google.com/maps/search/bus+stop+in+Ibeju+Lekki/@6.4220638,3.1983139,10z/data=!3m1!4b1?entry=ttu"
Lekki Phase 1,https://www.google.com/maps/place/Lekki+Phase+1/data=!4m7!3m6!1s0x103bf5016e0ed165:0xb8d20b3a3ccc792c!8m2!3d6.4350712!4d3.455969!16s%2Fg%2F11b6bck8l8!19sChIJZdEObgH1OxARLHnMPDoL0rg,,No website found,,4.1,23,Bus stop,"Maroko 106104, Lagos, Nigeria",,"https://www.google.com/maps/search/bus+stop+in+Ibeju+Lekki/@6.4220638,3.1983139,10z/data=!3m1!4b1?entry=ttu"
Ilaje,https://www.google.com/maps/place/Ilaje/data=!4m7!3m6!1s0x103bf74759abbe67:0xd88a5cca83c97862!8m2!3d6.465403!4d3.561198!16s%2Fg%2F11b6b8z_xl!19sChIJZ76rWUf3OxARYnjJg8pcitg,,No website found,,3.1,8,Bus stop,"Aja 106104, Lekki, Lagos, Nigeria",,"https://www.google.com/maps/search/bus+stop+in+Ibeju+Lekki/@6.4220638,3.1983139,10z/data=!3m1!4b1?entry=ttu"
Dele Adedeji,https://www.google.com/maps/place/Dele+Adedeji/data=!4m7!3m6!1s0x103bf5ad1424e617:0xc8a0cf030b948552!8m2!3d6.437077!4d3.468488!16s%2Fg%2F11r6y3x_fp!19sChIJF-YkFK31OxARUoWUCwPPoMg,,No website found,,,,Bus stop,"Lekki Phase I 106104, Lekki, Lagos, Nigeria",,"https://www.google.com/maps/search/bus+stop+in+Ibeju+Lekki/@6.4220638,3.1983139,10z/data=!3m1!4b1?entry=ttu"